-- phpMyAdmin SQL Dump
-- version 4.0.10.7
-- http://www.phpmyadmin.net
--
-- Servidor: localhost:3306
-- Tiempo de generación: 31-12-2015 a las 01:26:24
-- Versión del servidor: 5.6.26-cll-lve
-- Versión de PHP: 5.4.31

SET SQL_MODE = "NO_AUTO_VALUE_ON_ZERO";
SET time_zone = "+00:00";


/*!40101 SET @OLD_CHARACTER_SET_CLIENT=@@CHARACTER_SET_CLIENT */;
/*!40101 SET @OLD_CHARACTER_SET_RESULTS=@@CHARACTER_SET_RESULTS */;
/*!40101 SET @OLD_COLLATION_CONNECTION=@@COLLATION_CONNECTION */;
/*!40101 SET NAMES utf8 */;

--
-- Base de datos: `cityexcl_festivalvina`
--

-- --------------------------------------------------------

--
-- Estructura de tabla para la tabla `vin_centrocosto`
--

CREATE TABLE IF NOT EXISTS `vin_centrocosto` (
  `id_centrocosto` int(11) NOT NULL AUTO_INCREMENT,
  `nombre` varchar(255) NOT NULL,
  `autorizacion1` varchar(255) NOT NULL,
  `autorizacion2` varchar(255) DEFAULT NULL,
  PRIMARY KEY (`id_centrocosto`),
  UNIQUE KEY `nombre` (`nombre`)
) ENGINE=InnoDB  DEFAULT CHARSET=latin1 AUTO_INCREMENT=803006 ;

--
-- Volcado de datos para la tabla `vin_centrocosto`
--

INSERT INTO `vin_centrocosto` (`id_centrocosto`, `nombre`, `autorizacion1`, `autorizacion2`) VALUES
(0, '---', '---', ''),
(13, 'PRODUCCION FESTIVAL', 'JONATHAN NUÑEZ', 'ITALO CORREA'),
(1122, 'ILUMINACION ', 'ITALO CORREA', ''),
(101002, 'DIRECCIÓN EJECUTIVA', 'JONATHAN NUÑEZ', ''),
(101010, 'TURNER', 'JONATHAN NUÑEZ', ''),
(111111, 'RECURSOS HUMANOS', 'JONATHAN NUNEZ', ''),
(202001, 'COMERCIAL', 'JONATHAN NUÑEZ', ''),
(302003, 'PRENSA', 'JONATHAN NUÑEZ', ''),
(602115, 'LA MAÑANA DE CHV', 'JONATHAN NUÑEZ', ''),
(602117, 'SQP', 'JONATHAN NUÑEZ', ''),
(602376, 'SATÉLITES', 'JONATHAN NUÑEZ', ''),
(602382, 'FIEBRE DE VIÑA', 'JONATHAN NUÑEZ', ''),
(602383, 'GALA VIÑA', 'JONATHAN NUÑEZ', ''),
(803005, 'EVENTOS INTERNET', 'JONATHAN NUÑEZ', '');

-- --------------------------------------------------------

--
-- Estructura de tabla para la tabla `vin_comment`
--

CREATE TABLE IF NOT EXISTS `vin_comment` (
  `id` int(11) NOT NULL AUTO_INCREMENT,
  `content` text COLLATE utf8_unicode_ci NOT NULL,
  `status` int(11) NOT NULL,
  `create_time` int(11) DEFAULT NULL,
  `author` varchar(128) COLLATE utf8_unicode_ci NOT NULL,
  `email` varchar(128) COLLATE utf8_unicode_ci NOT NULL,
  `url` varchar(128) COLLATE utf8_unicode_ci DEFAULT NULL,
  `post_id` int(11) NOT NULL,
  PRIMARY KEY (`id`),
  KEY `FK_comment_post` (`post_id`)
) ENGINE=InnoDB DEFAULT CHARSET=utf8 COLLATE=utf8_unicode_ci AUTO_INCREMENT=1 ;

-- --------------------------------------------------------

--
-- Estructura de tabla para la tabla `vin_comuna`
--

CREATE TABLE IF NOT EXISTS `vin_comuna` (
  `id_comuna` int(11) NOT NULL AUTO_INCREMENT,
  `comuna` varchar(30) NOT NULL,
  PRIMARY KEY (`id_comuna`)
) ENGINE=MyISAM  DEFAULT CHARSET=latin1 AUTO_INCREMENT=56 ;

--
-- Volcado de datos para la tabla `vin_comuna`
--

INSERT INTO `vin_comuna` (`id_comuna`, `comuna`) VALUES
(0, '---'),
(1, 'LAS CONDES'),
(39, 'CERRO NAVIA'),
(3, 'LA FLORIDA'),
(4, 'LA PINTANA'),
(5, 'PEÑALOLEN'),
(6, 'SAN JOAQUIN'),
(7, 'SANTIAGO'),
(8, 'CERRILLOS'),
(9, 'COLINA'),
(10, 'CONCHALI'),
(11, 'EL BOSQUE'),
(12, 'ESTACION CENTRAL'),
(13, 'HUECHURABA'),
(14, 'LA CISTERNA'),
(15, 'LA DEHESA'),
(16, 'LAMPA'),
(17, 'LO BARNECHEA'),
(18, 'LO ESPEJO'),
(19, 'LO PRADO'),
(20, 'MACUL'),
(21, 'MAIPU'),
(22, 'ÑUÑOA'),
(23, 'PROVIDENCIA'),
(24, 'PUDAHUEL'),
(25, 'PUENTE ALTO'),
(26, 'QUILICURA'),
(27, 'QUINTA NORMAL'),
(28, 'RECOLETA'),
(29, 'RENCA'),
(30, 'SAN BERNARDO'),
(31, 'SAN MIGUEL'),
(32, 'VITACURA'),
(33, 'LA REINA'),
(34, 'LA GRANJA'),
(35, 'SAN RAMON'),
(38, 'INDEPENDENCIA'),
(40, 'CHICUREO'),
(41, 'LAS REJAS'),
(42, 'LAS VERTIENETES'),
(43, 'LO CAÑAS'),
(44, 'MELIPILLA'),
(45, 'VALPARAISO'),
(46, 'SANTO DOMINGO'),
(47, 'VIÑA DEL MAR'),
(48, 'PADRE HURTADO'),
(49, 'SAN ANTONIO'),
(50, 'BUIN'),
(51, 'CALERA DE TANGO'),
(52, 'PEDRO AGUIRRE CERDA'),
(53, 'PEÑAFLOR'),
(54, 'TALAGANTE'),
(55, 'CURACAVI');

-- --------------------------------------------------------

--
-- Estructura de tabla para la tabla `vin_contrato`
--

CREATE TABLE IF NOT EXISTS `vin_contrato` (
  `id_contrato` int(11) NOT NULL AUTO_INCREMENT,
  `fecha_contrato` date NOT NULL,
  `id_empresa` varchar(15) NOT NULL,
  `nom_empresa` varchar(50) NOT NULL,
  `representante` varchar(50) NOT NULL,
  `domicilio_empresa` varchar(50) NOT NULL,
  `transportista` int(50) NOT NULL,
  `fecha_inicio` date NOT NULL,
  `fecha_termino` date NOT NULL,
  `contrato` text NOT NULL,
  PRIMARY KEY (`id_contrato`)
) ENGINE=InnoDB  DEFAULT CHARSET=latin1 AUTO_INCREMENT=2 ;

--
-- Volcado de datos para la tabla `vin_contrato`
--

INSERT INTO `vin_contrato` (`id_contrato`, `fecha_contrato`, `id_empresa`, `nom_empresa`, `representante`, `domicilio_empresa`, `transportista`, `fecha_inicio`, `fecha_termino`, `contrato`) VALUES
(1, '2014-10-01', '78.568.320-K', 'City Express', 'Carl Werner Petzold', 'Curico # 356', 0, '2014-11-29', '2014-11-30', '<p style="text-align: center;"><span style="font-family: arial, helvetica, sans-serif; font-size: 10pt;"><strong>Contrato de Servicios de Transporte</strong></span></p>\n<p style="text-align: justify;"><span style="font-family: arial, helvetica, sans-serif; font-size: 10pt;">En Santiago a {dd de MM del yyyy}, entre la empresa&nbsp;<span style="line-height: 13.3333320617676px;">{nombre_empresa}&nbsp;</span>, Rut: {rut_empresa}, representada por su Gerente don: {representante}, ambos domiciliados en calle {domicilio_empresa}&nbsp;de la ciudad de Santiago, en adelante La Empresa de Transportes y don:&nbsp;{nombre_transportista} , Rut.:{rut_transportista} Domiciliado en :&nbsp;{domicilio_transportista}, Comuna: {comuna_transportista}&nbsp;de la ciudad de Santiago en adelante El Transportista, se ha convenido lo siguiente:</span></p>\n<p style="text-align: justify;"><span style="font-family: arial, helvetica, sans-serif; font-size: 10pt;">PRIMERO: Por el presente instrumento las partes vienen en convenir un contrato de servicios de Transporte de personas y/o carga, seg&uacute;n las condiciones que m&aacute;s adelante se expresan.</span></p>\n<p style="text-align: justify;"><span style="font-family: arial, helvetica, sans-serif; font-size: 10pt;">SEGUNDO: El transportista efectuara el transporte mediante veh&iacute;culos propios o ajenos cuyo manejo y/o carga le corresponder&aacute; a este, ya sea personalmente o a trav&eacute;s de la (s) persona(s) que designe al efecto.</span></p>\n<p style="text-align: justify;"><span style="font-family: arial, helvetica, sans-serif; font-size: 10pt;">TERCERO: El transportista efectuara el transporte contratado, con motivo y ocasi&oacute;n del evento Telet&oacute;n {yyyy}.- en los d&iacute;as que sea requerido durante los d&iacute;as comprendidos entre el d&iacute;a {dd y el dd de MM del yyyy}, desde y hacia los destinos o recorridos que la empresa de transporte requiera, esto es traslados desde y hacia el Teatro Telet&oacute;n, eventos perif&eacute;ricos, domicilios y viceversa, servicios de disposici&oacute;n traslados aeropuerto, etc. y o otros puntos dentro de la ciudad de Santiago en horarios y frecuencias que sean asignados,</span></p>\n<p style="text-align: justify;"><span style="font-family: arial, helvetica, sans-serif; font-size: 10pt; line-height: 100%;">El transporte descrito deber&aacute; efectuarse durante el numero de d&iacute;as, se&ntilde;alados por la Empresa de Transporte en los horarios que el cargador determine, durante todo el periodo que se mantenga vigente el presente contrato.</span></p>\n<p style="text-align: justify;"><span style="font-family: arial, helvetica, sans-serif; font-size: 10pt;">CUARTO: Los precios por los servicios prestados ser&aacute;n determinados de acuerdo al tipo de servicio requerido y al n&uacute;mero de turnos efectivamente realizados seg&uacute;n bit&aacute;cora de servicios, el cual ser&aacute; liquidado de acuerdo a los montos unitarios presentados en el anexo N&ordm; 1:</span></p>\n<p style="text-align: justify;"><span style="font-family: Arial, serif; font-size: 10pt; line-height: 100%;">El precio de los servicios realizados y liquidados se pagara de la siguiente forma:</span></p>\n<p style="text-align: justify;"><span style="font-family: arial, helvetica, sans-serif; line-height: 100%; font-size: 10pt;">El pago total depender&aacute; de los valores unitarios establecidos en anexo N&ordm;1 firmando y conocido por ambas partes y forma parte integral del presente contrato.</span></p>\n<p style="text-align: justify;"><span style="font-family: arial, helvetica, sans-serif; line-height: 100%; font-size: 10pt;">El pago se har&aacute; una vez finalizado el evento, el d&iacute;a 17 de Diciembre del 2008, una vez revisados los servicios realizados por el transportista en las oficinas de&nbsp;{nombre_empresa}.</span></p>\n<p style="text-align: justify;"><span style="font-family: arial, helvetica, sans-serif; line-height: 100%; font-size: 10pt;">Los valores estipulados en anexo N&ordm;1, incluyen el transporte contratado (arriendo del veh&iacute;culo, conductores, combustibles, TAG y los gastos propios de los servicios contratados)</span></p>\n<p style="text-align: justify;"><span style="font-family: arial, helvetica, sans-serif; font-size: 10pt;">QUINTO: Dentro de los servicios en que debe cumplirse el presente contrato, el kilometraje ser&aacute; ilimitado.</span></p>\n<p style="text-align: justify;"><span style="font-family: arial, helvetica, sans-serif; font-size: 10pt;">SEXTO: El transportista tendr&aacute; las siguientes obligaciones:</span></p>\n<p style="text-align: justify;"><span style="font-family: arial, helvetica, sans-serif; font-size: 10pt; line-height: 100%;">1.- Presentarse con la anticipaci&oacute;n necesaria (15 minutos de anticipaci&oacute;n), para efectuar el o los servicios asignados, de acuerdo a los horarios asignados por la empresa de transporte, el que podr&aacute; ser modificado, unilateralmente y en cualquier momento por la empresa de transporte seg&uacute;n sea su necesidades.</span></p>\n<p style="text-align: justify;"><span style="font-family: arial, helvetica, sans-serif; font-size: 10pt; line-height: 100%;">2.- A llevar una bit&aacute;cora de los servicios realizados, las que deber&aacute;n ser llenados con los datos solicitados por la empresa de Transportes, siendo entregadas al termino de cada d&iacute;a o turno se servicio(s) asignados para su chequeo y control como respaldo a su pago.</span></p>\n<p style="text-align: justify;"><span style="font-family: arial, helvetica, sans-serif; font-size: 10pt; line-height: 100%;">3.- Mantener los veh&iacute;culos con que efectu&eacute; el transporte, en perfecto estado mec&aacute;nico, con toda su documentaci&oacute;n vigente (permiso de circulaci&oacute;n, seguro de pasajeros, revisi&oacute;n t&eacute;cnica y certificado de empadronamiento) seg&uacute;n las exigencias del Ministerio de Transporte.</span></p>\n<p style="text-align: justify;"><span style="font-family: Arial, serif; font-size: 10pt; line-height: 100%;">4.- Mantener en regla la (s) licencia de conductor(es) seg&uacute;n las normativas vigentes.</span></p>\n<p style="text-align: justify;"><span style="font-family: arial, helvetica, sans-serif; font-size: 10pt;">SEPTIMO: Los servicios convenidos en presente instrumento no requieren la dedicaci&oacute;n exclusiva por parte del transportista, raz&oacute;n por la cual este podr&aacute; libremente prestar sus servicios a otras personas, lo que en todo caso no podr&aacute; significar deterioro alguno a la realizaci&oacute;n de los servicios convenidos en el presente contrato.</span></p>\n<p style="text-align: justify;"><span style="font-family: arial, helvetica, sans-serif; font-size: 10pt;">OCTAVO: Cualquier da&ntilde;o que experimente el o los veh&iacute;culo(s) contratados por el transportista, sea en su calidad de propietario o arrendatario, durante la prestaci&oacute;n de los servicios objeto de este contrato, al igual que las consecuencias&nbsp; pecuniarias que de ello pueda derivar ser&aacute; de la exclusiva responsabilidad del Transportista.</span></p>\n<p style="text-align: justify;"><span style="font-family: arial, helvetica, sans-serif; font-size: 10pt;">NOVENO: Las partes dejan expresa constancia que en ning&uacute;n caso, este instrumento confiere al transporte, al conductor (es) o a los dependientes del transportista, la calidad de trabajadores dependientes del empresario de trasporte.</span></p>\n<p style="text-align: justify;"><span style="font-family: arial, helvetica, sans-serif; font-size: 10pt;">DECIMO: El transportista declara contar con la documentaci&oacute;n del veh&iacute;culo(s) y conductores, seg&uacute;n lo dispuesto por la normativa legal vigente a la fecha del Ministerio de Transporte y Telecomunicaciones, cualquier infracci&oacute;n a la actual normativa antes se&ntilde;alada ser&aacute; de su exclusiva responsabilidad del transportista.</span></p>\n<p style="text-align: justify;">&nbsp;</p>\n<p class="western" lang="es-ES" style="margin-bottom: 0cm; line-height: 100%; text-align: justify;" align="justify">&nbsp;</p>\n<table style="height: 92px;" width="860" cellspacing="0" cellpadding="4"><colgroup><col width="313" /> <col width="313" /> </colgroup>\n<tbody>\n<tr valign="top">\n<td style="border: none; padding: 0cm;" bgcolor="#ffffff" width="313">\n<p class="western" lang="es-ES" style="margin-bottom: 0cm;" align="center"><span style="font-family: arial, helvetica, sans-serif; font-size: 10pt;"> <span style="font-family: Arial, serif;">___________________________________</span></span></p>\n<p class="western" lang="es-ES" style="margin-bottom: 0cm;" align="center"><span style="font-family: arial, helvetica, sans-serif; font-size: 10pt;"><span style="font-family: Arial, serif;">{nombre_empresa}&nbsp;</span></p>\n<p class="western" lang="es-ES" align="center"><span style="font-family: arial, helvetica, sans-serif; font-size: 10pt;"><span style="font-family: Arial, serif;">{representante}&nbsp;</span></p>\n</td>\n<td style="border: none; padding: 0cm;" bgcolor="#ffffff" width="313">\n<p class="western" lang="es-ES" style="margin-bottom: 0cm;" align="center"><span style="font-family: arial, helvetica, sans-serif; font-size: 10pt;"> <span style="font-family: Arial, serif;">___________________________________</span></span></p>\n<p class="western" lang="es-ES" style="margin-bottom: 0cm;" align="center"><span style="font-family: arial, helvetica, sans-serif; font-size: 10pt;"> <span style="font-family: Arial, serif;">Nombre</span></span></p>\n<p class="western" lang="es-ES" align="center"><span style="font-family: arial, helvetica, sans-serif; font-size: 10pt;"><span style="font-family: Arial, serif;">Rut:</span></span></p>\n</td>\n</tr>\n</tbody>\n</table>\n<p style="text-align: justify;">&nbsp;</p>\n<p class="western" lang="es-ES" style="margin-bottom: 0cm; line-height: 100%; text-align: justify;" align="justify">&nbsp;</p>');

-- --------------------------------------------------------

--
-- Estructura de tabla para la tabla `vin_direccion`
--

CREATE TABLE IF NOT EXISTS `vin_direccion` (
  `id_direccion` int(11) NOT NULL AUTO_INCREMENT,
  `nombre` varchar(255) NOT NULL,
  `comuna` int(11) NOT NULL,
  PRIMARY KEY (`id_direccion`),
  UNIQUE KEY `nombre` (`nombre`)
) ENGINE=MyISAM  DEFAULT CHARSET=latin1 AUTO_INCREMENT=138 ;

--
-- Volcado de datos para la tabla `vin_direccion`
--

INSERT INTO `vin_direccion` (`id_direccion`, `nombre`, `comuna`) VALUES
(1, 'HOTEL MARINA DEL REY', 47),
(2, 'HOTEL SHERATON MIRAMAR', 47),
(3, 'HOTEL DIEGO DE ALMAGRO', 47),
(4, 'HOTEL O HIGGINS', 47),
(5, 'HOTEL DEL MAR', 47),
(6, 'HOTEL SAN MARTIN', 47),
(7, 'GALA', 47),
(8, 'QUINTA VERGARA', 47),
(10, 'INéS MATTE URREJOLA 0890', 23),
(9, 'BUSTAMANTE 905', 22),
(11, 'HOTEL GALA', 47),
(15, 'ANTUMALAL 573', 26),
(16, 'AEROPUERTO SANTIAGO ', 24),
(19, 'AMERICO VESPUCIO 0655,STEWARD', 13),
(22, 'HOTEL SHERATON', 47),
(25, 'VARIOS', 47),
(26, 'CHILEVISION', 23),
(27, 'MACHASA', 6),
(28, 'MACUL', 20),
(30, 'JUAN GUZMAN CRUCHAGA 3841 ', 20),
(33, 'CAMINO LA HUALTATAS 5101,CONDOMINIO LOS FRAILES', 17),
(34, 'DISPOSICION', 47),
(35, 'AV BRASIL CON LAS HERAS,PALACIO POLANCO', 45),
(37, 'LUZ 2906,DEPTO 121,EL GOLF', 1),
(38, 'MANUEL MONTT 054', 23),
(39, 'POR DEFINIR', 7),
(40, 'DARDIGNAC 37 RECOLETA', 28),
(43, 'LO ENCALADA 508', 22),
(44, 'SUAREZ MUJICA 1033', 22),
(46, 'A DEFINIR', 47),
(47, 'GENERAL JOFRE 37', 7),
(48, 'SOR URSULA SUAREZ 293', 1),
(136, 'HOTEL NO', 32),
(50, 'HOTEL ENJOY', 47),
(52, 'MERCED 349,DEPTO 307', 7),
(53, 'SAN MARTIN 236,ESQUINA 3 NORTE', 47),
(58, 'CON CON', 0),
(60, 'AV PROLONGACION 5 ORIENTE #0225,ESQ LIMACHE, DEPTO 1203', 47),
(62, 'AV VIANA 1155 DEPTO 202', 47),
(63, 'AV BORGOÑO 17310 COCHOA', 47),
(64, 'AV COLON 4257', 7),
(65, 'SPORTING CLUB', 47),
(69, 'VICUÑA MACKENNA 1231,DEPTO. 222,FRENTE A MEGA', 7),
(70, '3 NORTE 220 DEPTO 801', 47),
(72, 'PARADERO 6 AGUA SANTA,ANTENA CHV', 47),
(73, 'AV. BRASIL 1157', 7),
(75, 'HOTEL SHERATON SANTIAGO', 7),
(76, 'HOTEL W', 1),
(77, 'DOMICILIO', 7),
(79, 'SAN MARTIN  605,ESQUINA 7 NORTE', 47),
(82, 'AV SAN MARTIN 236 ESQUINA 3 NORTE ', 47),
(84, 'HOTEL MARRIOTT', 1),
(86, 'SAN IGNACIO DE LOYOLA 633', 7),
(88, 'GORBEA 2551 DEPTO 225', 7),
(89, 'ANTUPIREN 9401, PEÑALOLEN (COMUNIDAD ECOLOGICA) ', 5),
(91, 'HOTEL NOI', 32),
(94, 'ÑUBLE 1422', 7),
(95, 'AV SANTA MARIA 172', 23),
(100, 'HOTEL  RADISON', 1),
(101, '8 NORTE 65', 47),
(102, 'HOTEL RADISION STGO VITACURA', 1),
(103, 'COUSIÑO 10,HOSTAL COUSIÑO', 47),
(105, 'SANTIAGO A DEF', 7),
(106, '5 CINCO REÑACA', 47),
(107, 'DOMICILIO SANTIAGO', 7),
(108, 'LEOPOLDO URRUTIA 2020', 22),
(111, 'TUNQUEN', 0),
(112, 'ALMIRANTE GRAU 070 ', 23),
(114, 'ALONSO DE ERCILLA 3055', 22),
(116, 'PASAJE PARIS 31,JOAQUIN LATELEY,PLAYA ANCHA', 45),
(118, 'ESTADIO NACIONAL ', 22),
(121, '3 PONIENTE 320 DE 801', 45),
(122, 'CACHAGUA', 47),
(124, 'HOTEL HYATT', 1),
(137, '', 3);

-- --------------------------------------------------------

--
-- Estructura de tabla para la tabla `vin_empresa`
--

CREATE TABLE IF NOT EXISTS `vin_empresa` (
  `id_empresa` int(15) NOT NULL AUTO_INCREMENT,
  `rut_empresa` varchar(15) NOT NULL,
  `nombre` varchar(255) NOT NULL,
  `giro` varchar(255) NOT NULL,
  PRIMARY KEY (`id_empresa`)
) ENGINE=InnoDB  DEFAULT CHARSET=latin1 AUTO_INCREMENT=9 ;

--
-- Volcado de datos para la tabla `vin_empresa`
--

INSERT INTO `vin_empresa` (`id_empresa`, `rut_empresa`, `nombre`, `giro`) VALUES
(1, '75767657-7', 'CITY EXPRESS', 'TRANSPORTES'),
(7, '111111', 'JET SUR', 'TRANSPORTES'),
(8, '22222221', 'INDY TOUR', 'TRANSPORTES');

-- --------------------------------------------------------

--
-- Estructura de tabla para la tabla `vin_login`
--

CREATE TABLE IF NOT EXISTS `vin_login` (
  `id_login` int(11) NOT NULL AUTO_INCREMENT,
  `fecha` datetime NOT NULL,
  `id_usuario` int(11) NOT NULL,
  PRIMARY KEY (`id_login`)
) ENGINE=InnoDB  DEFAULT CHARSET=latin1 AUTO_INCREMENT=987 ;

--
-- Volcado de datos para la tabla `vin_login`
--

INSERT INTO `vin_login` (`id_login`, `fecha`, `id_usuario`) VALUES
(658, '2014-12-24 08:56:57', 1),
(659, '2014-12-28 08:01:14', 1),
(660, '2014-12-28 11:37:58', 178),
(661, '2014-12-29 01:57:55', 1),
(662, '2014-12-29 07:01:35', 178),
(663, '2014-12-29 09:03:21', 1),
(664, '2014-12-29 09:54:46', 1),
(665, '2014-12-29 10:21:48', 1),
(666, '2014-12-29 10:23:56', 179),
(667, '2014-12-30 02:40:23', 1),
(668, '2014-12-30 04:51:40', 178),
(669, '2014-12-30 04:56:31', 178),
(670, '2014-12-30 05:02:34', 179),
(671, '2014-12-30 05:04:24', 179),
(672, '2014-12-30 05:04:42', 179),
(673, '2014-12-31 03:07:41', 1),
(674, '2015-01-01 08:47:18', 178),
(675, '2015-01-02 07:14:57', 1),
(676, '2015-01-02 09:00:03', 1),
(677, '2015-01-02 09:31:04', 1),
(678, '2015-01-02 09:32:17', 1),
(679, '2015-01-02 09:57:28', 1),
(680, '2015-01-02 11:46:03', 1),
(681, '2015-01-16 07:15:02', 1),
(682, '2015-01-16 07:19:37', 1),
(683, '2015-01-16 08:17:54', 180),
(684, '2015-01-16 09:24:22', 180),
(685, '2015-01-21 08:32:17', 1),
(686, '2015-01-26 04:24:54', 1),
(687, '2015-01-27 08:00:20', 1),
(688, '2015-01-27 09:46:12', 1),
(689, '2015-01-27 09:51:17', 1),
(690, '2015-01-27 10:18:38', 1),
(691, '2015-01-27 10:42:39', 1),
(692, '2015-01-28 02:49:32', 1),
(693, '2015-01-28 04:10:40', 1),
(694, '2015-01-28 04:14:26', 2),
(695, '2015-01-30 02:57:32', 180),
(696, '2015-01-30 03:08:48', 180),
(697, '2015-01-30 03:08:51', 180),
(698, '2015-01-30 07:23:07', 1),
(699, '2015-01-30 08:06:21', 2),
(700, '2015-01-30 08:17:41', 1),
(701, '2015-01-31 08:30:58', 180),
(702, '2015-02-02 01:57:35', 2),
(703, '2015-02-02 02:02:21', 2),
(704, '2015-02-02 02:22:35', 1),
(705, '2015-02-02 06:42:19', 2),
(706, '2015-02-02 07:07:21', 180),
(707, '2015-02-02 07:44:55', 2),
(708, '2015-02-02 08:09:37', 2),
(709, '2015-02-03 01:25:09', 2),
(710, '2015-02-03 02:50:19', 1),
(711, '2015-02-03 03:25:39', 2),
(712, '2015-02-03 05:53:46', 2),
(713, '2015-02-03 06:50:51', 2),
(714, '2015-02-03 07:37:07', 2),
(715, '2015-02-03 08:31:29', 2),
(716, '2015-02-04 03:13:44', 1),
(717, '2015-02-04 12:34:12', 2),
(718, '2015-02-04 01:47:41', 2),
(719, '2015-02-04 02:26:28', 1),
(720, '2015-02-05 02:02:39', 180),
(721, '2015-02-05 02:05:28', 1),
(722, '2015-02-05 02:42:47', 2),
(723, '2015-02-05 03:02:32', 2),
(724, '2015-02-05 04:29:38', 180),
(725, '2015-02-05 06:10:28', 2),
(726, '2015-02-05 08:32:30', 180),
(727, '2015-02-05 08:36:44', 2),
(728, '2015-02-05 10:27:57', 1),
(729, '2015-02-06 02:23:27', 1),
(730, '2015-02-06 12:14:58', 2),
(731, '2015-02-06 12:29:37', 2),
(732, '2015-02-06 02:52:00', 1),
(733, '2015-02-06 04:43:57', 2),
(734, '2015-02-06 04:53:33', 2),
(735, '2015-02-06 06:31:12', 180),
(736, '2015-02-06 09:41:13', 178),
(737, '2015-02-06 09:52:40', 2),
(738, '2015-02-09 04:03:07', 1),
(739, '2015-02-09 12:39:12', 2),
(740, '2015-02-09 12:54:08', 2),
(741, '2015-02-09 02:44:19', 1),
(742, '2015-02-09 03:32:40', 1),
(743, '2015-02-09 03:32:55', 178),
(744, '2015-02-09 06:11:21', 2),
(745, '2015-02-09 06:31:38', 2),
(746, '2015-02-09 08:16:31', 2),
(747, '2015-02-09 08:23:42', 180),
(748, '2015-02-09 09:59:55', 2),
(749, '2015-02-10 05:48:35', 2),
(750, '2015-02-10 10:06:36', 2),
(751, '2015-02-12 01:48:04', 2),
(752, '2015-02-12 06:07:49', 2),
(753, '2015-02-12 06:20:27', 1),
(754, '2015-02-12 08:30:59', 2),
(755, '2015-02-12 08:57:34', 2),
(756, '2015-02-13 12:56:25', 180),
(757, '2015-02-13 01:50:30', 2),
(758, '2015-02-13 09:50:39', 2),
(759, '2015-02-13 10:20:01', 180),
(760, '2015-02-14 02:32:06', 2),
(761, '2015-02-14 08:31:05', 2),
(762, '2015-02-14 08:54:52', 180),
(763, '2015-02-14 08:56:42', 2),
(764, '2015-02-14 08:57:45', 1),
(765, '2015-02-14 10:10:12', 2),
(766, '2015-02-14 10:18:22', 2),
(767, '2015-02-15 07:53:35', 1),
(768, '2015-02-15 02:12:58', 2),
(769, '2015-02-15 06:19:59', 180),
(770, '2015-02-15 11:53:41', 2),
(771, '2015-02-16 12:56:29', 2),
(772, '2015-02-16 01:29:55', 180),
(773, '2015-02-16 02:04:08', 2),
(774, '2015-02-16 08:34:22', 2),
(775, '2015-02-17 09:55:43', 180),
(776, '2015-02-18 12:19:11', 180),
(777, '2015-02-18 07:44:25', 180),
(778, '2015-02-18 10:19:30', 1),
(779, '2015-02-19 12:48:04', 1),
(780, '2015-02-19 07:51:04', 1),
(781, '2015-02-19 01:20:12', 180),
(782, '2015-02-19 03:52:09', 180),
(783, '2015-02-19 03:54:23', 2),
(784, '2015-02-19 03:58:49', 1),
(785, '2015-02-19 04:08:45', 181),
(786, '2015-02-19 04:40:46', 1),
(787, '2015-02-19 05:38:04', 1),
(788, '2015-02-19 05:46:43', 178),
(789, '2015-02-19 06:05:20', 2),
(790, '2015-02-19 06:13:19', 2),
(791, '2015-02-19 06:55:11', 1),
(792, '2015-02-19 06:59:52', 178),
(793, '2015-02-19 07:19:42', 180),
(794, '2015-02-19 08:58:34', 2),
(795, '2015-02-19 09:06:24', 2),
(796, '2015-02-19 09:07:52', 1),
(797, '2015-02-19 09:10:12', 0),
(798, '2015-02-19 09:38:56', 2),
(799, '2015-02-19 09:56:47', 180),
(800, '2015-02-19 10:02:29', 2),
(801, '2015-02-19 10:31:06', 2),
(802, '2015-02-19 10:31:57', 2),
(803, '2015-02-19 10:55:21', 2),
(804, '2015-02-19 11:00:02', 2),
(805, '2015-02-19 11:02:43', 180),
(806, '2015-02-19 11:04:49', 2),
(807, '2015-02-19 11:09:23', 2),
(808, '2015-02-20 12:27:54', 1),
(809, '2015-02-20 12:47:19', 1),
(810, '2015-02-20 01:38:55', 2),
(811, '2015-02-20 01:49:44', 1),
(812, '2015-02-20 12:11:28', 2),
(813, '2015-02-20 03:01:32', 1),
(814, '2015-02-20 04:21:49', 180),
(815, '2015-02-20 04:23:21', 2),
(816, '2015-02-20 05:25:41', 2),
(817, '2015-02-20 06:13:49', 2),
(818, '2015-02-20 06:19:28', 180),
(819, '2015-02-20 07:10:20', 2),
(820, '2015-02-20 08:34:22', 180),
(821, '2015-02-20 11:48:23', 2),
(822, '2015-02-21 12:25:00', 1),
(823, '2015-02-21 12:35:58', 2),
(824, '2015-02-21 12:36:39', 2),
(825, '2015-02-21 12:36:39', 2),
(826, '2015-02-21 12:51:06', 2),
(827, '2015-02-21 01:25:37', 1),
(828, '2015-02-21 01:39:02', 2),
(829, '2015-02-21 01:56:44', 2),
(830, '2015-02-21 04:13:12', 180),
(831, '2015-02-21 07:31:21', 2),
(832, '2015-02-21 10:12:06', 2),
(833, '2015-02-21 11:13:44', 2),
(834, '2015-02-21 11:19:11', 2),
(835, '2015-02-22 01:19:48', 2),
(836, '2015-02-22 01:40:12', 2),
(837, '2015-02-22 02:49:07', 2),
(838, '2015-02-22 04:00:33', 2),
(839, '2015-02-22 04:37:34', 1),
(840, '2015-02-22 01:26:42', 2),
(841, '2015-02-22 01:51:38', 2),
(842, '2015-02-22 02:25:51', 180),
(843, '2015-02-22 07:48:36', 180),
(844, '2015-02-22 08:12:20', 2),
(845, '2015-02-22 08:19:22', 1),
(846, '2015-02-22 09:32:30', 2),
(847, '2015-02-22 09:59:41', 2),
(848, '2015-02-23 01:38:28', 2),
(849, '2015-02-23 01:41:13', 2),
(850, '2015-02-23 05:15:41', 2),
(851, '2015-02-23 01:14:00', 1),
(852, '2015-02-23 02:05:57', 2),
(853, '2015-02-23 02:08:02', 2),
(854, '2015-02-23 02:53:10', 2),
(855, '2015-02-23 03:45:26', 2),
(856, '2015-02-23 04:25:26', 180),
(857, '2015-02-23 06:46:24', 2),
(858, '2015-02-23 07:11:37', 180),
(859, '2015-02-23 07:26:57', 2),
(860, '2015-02-23 08:10:31', 2),
(861, '2015-02-23 08:12:22', 180),
(862, '2015-02-24 01:18:42', 180),
(863, '2015-02-24 01:19:44', 2),
(864, '2015-02-24 12:36:16', 2),
(865, '2015-02-24 12:43:27', 2),
(866, '2015-02-24 01:24:21', 180),
(867, '2015-02-24 01:56:03', 2),
(868, '2015-02-24 02:06:29', 180),
(869, '2015-02-24 02:39:38', 2),
(870, '2015-02-24 03:09:24', 180),
(871, '2015-02-24 05:50:19', 2),
(872, '2015-02-24 06:16:57', 2),
(873, '2015-02-24 08:06:33', 2),
(874, '2015-02-24 08:51:54', 180),
(875, '2015-02-24 09:02:51', 2),
(876, '2015-02-24 09:05:22', 1),
(877, '2015-02-24 09:26:16', 2),
(878, '2015-02-24 10:37:09', 2),
(879, '2015-02-25 12:48:49', 2),
(880, '2015-02-25 03:02:21', 2),
(881, '2015-02-25 12:34:30', 2),
(882, '2015-02-25 05:51:44', 2),
(883, '2015-02-25 07:52:10', 180),
(884, '2015-02-25 07:57:41', 2),
(885, '2015-02-25 10:41:25', 2),
(886, '2015-02-25 10:53:21', 180),
(887, '2015-02-26 12:06:25', 2),
(888, '2015-02-26 12:10:50', 2),
(889, '2015-02-26 02:02:37', 180),
(890, '2015-02-26 04:54:26', 2),
(891, '2015-02-26 06:43:47', 2),
(892, '2015-02-26 07:08:35', 180),
(893, '2015-02-26 08:03:21', 1),
(894, '2015-02-26 08:06:01', 2),
(895, '2015-02-26 09:08:13', 2),
(896, '2015-02-26 11:57:16', 2),
(897, '2015-02-27 12:25:51', 2),
(898, '2015-02-27 03:31:51', 2),
(899, '2015-02-27 03:39:37', 2),
(900, '2015-02-27 12:26:16', 2),
(901, '2015-02-27 01:08:34', 2),
(902, '2015-02-27 04:29:08', 2),
(903, '2015-02-27 05:04:09', 2),
(904, '2015-02-27 06:17:22', 2),
(905, '2015-02-27 07:36:01', 2),
(906, '2015-02-27 08:31:08', 180),
(907, '2015-02-27 11:37:54', 2),
(908, '2015-02-28 12:26:48', 2),
(909, '2015-02-28 12:30:20', 180),
(910, '2015-02-28 12:59:38', 2),
(911, '2015-02-28 02:02:09', 180),
(912, '2015-02-28 05:27:00', 2),
(913, '2015-02-28 05:34:47', 2),
(914, '2015-02-28 05:57:01', 2),
(915, '2015-02-28 06:01:36', 2),
(916, '2015-02-28 12:29:03', 2),
(917, '2015-02-28 04:44:37', 2),
(918, '2015-02-28 06:38:37', 2),
(919, '2015-02-28 09:33:36', 2),
(920, '2015-02-28 09:33:43', 2),
(921, '2015-02-28 10:14:49', 2),
(922, '2015-02-28 10:33:06', 1),
(923, '2015-03-01 05:51:37', 2),
(924, '2015-03-01 07:33:55', 1),
(925, '2015-03-01 09:50:48', 1),
(926, '2015-03-02 12:50:19', 2),
(927, '2015-03-02 02:17:43', 2),
(928, '2015-03-02 02:55:19', 2),
(929, '2015-03-02 04:02:46', 2),
(930, '2015-03-03 02:54:57', 2),
(931, '2015-03-03 03:00:43', 1),
(932, '2015-03-04 01:10:06', 2),
(933, '2015-03-05 01:14:17', 2),
(934, '2015-03-05 01:36:50', 2),
(935, '2015-03-05 05:26:10', 2),
(936, '2015-03-05 05:30:00', 1),
(937, '2015-03-05 06:01:12', 2),
(938, '2015-03-05 06:42:50', 2),
(939, '2015-03-05 09:38:42', 2),
(940, '2015-03-06 03:01:34', 2),
(941, '2015-03-06 03:24:02', 1),
(942, '2015-03-06 04:15:10', 2),
(943, '2015-03-06 05:07:14', 2),
(944, '2015-03-06 05:11:20', 2),
(945, '2015-03-06 05:14:22', 2),
(946, '2015-03-06 05:20:23', 2),
(947, '2015-03-06 05:21:23', 1),
(948, '2015-03-06 05:33:10', 2),
(949, '2015-03-06 05:34:59', 2),
(950, '2015-03-06 05:37:46', 2),
(951, '2015-03-06 05:41:27', 2),
(952, '2015-03-06 05:44:48', 2),
(953, '2015-03-06 05:46:35', 2),
(954, '2015-03-06 06:07:54', 2),
(955, '2015-03-06 06:12:37', 2),
(956, '2015-03-06 06:17:32', 2),
(957, '2015-03-06 10:15:04', 1),
(958, '2015-03-08 08:30:44', 1),
(959, '2015-03-09 02:24:37', 2),
(960, '2015-03-09 04:51:53', 2),
(961, '2015-03-11 01:13:32', 2),
(962, '2015-03-11 01:13:46', 2),
(963, '2015-03-11 06:08:10', 2),
(964, '2015-03-11 07:13:17', 2),
(965, '2015-03-11 08:11:56', 2),
(966, '2015-03-19 08:29:25', 2),
(967, '2015-03-24 01:32:32', 2),
(968, '2015-03-24 05:02:55', 2),
(969, '2015-03-27 03:03:20', 2),
(970, '2015-04-30 04:30:01', 2),
(971, '2015-06-08 02:53:13', 2),
(972, '2015-06-19 02:13:32', 2),
(973, '2015-08-24 11:04:15', 1),
(974, '2015-08-24 02:26:46', 1),
(975, '2015-09-01 05:06:40', 1),
(976, '2015-09-01 05:07:36', 1),
(977, '2015-12-28 11:33:03', 1),
(978, '2015-12-28 11:44:45', 1),
(979, '2015-12-29 01:45:03', 1),
(980, '2015-12-29 11:25:14', 1),
(981, '2015-12-29 01:51:09', 182),
(982, '2015-12-29 09:53:07', 1),
(983, '2015-12-30 02:16:03', 182),
(984, '2015-12-30 03:29:53', 1),
(985, '2015-12-30 06:20:18', 1),
(986, '2015-12-31 01:25:43', 1);

-- --------------------------------------------------------

--
-- Estructura de tabla para la tabla `vin_lookup`
--

CREATE TABLE IF NOT EXISTS `vin_lookup` (
  `id` int(11) NOT NULL AUTO_INCREMENT,
  `name` varchar(128) COLLATE utf8_unicode_ci NOT NULL,
  `code` int(11) NOT NULL,
  `type` varchar(128) COLLATE utf8_unicode_ci NOT NULL,
  `position` int(11) NOT NULL,
  PRIMARY KEY (`id`)
) ENGINE=InnoDB  DEFAULT CHARSET=utf8 COLLATE=utf8_unicode_ci AUTO_INCREMENT=6 ;

--
-- Volcado de datos para la tabla `vin_lookup`
--

INSERT INTO `vin_lookup` (`id`, `name`, `code`, `type`, `position`) VALUES
(1, 'Draft', 1, 'PostStatus', 1),
(2, 'Published', 2, 'PostStatus', 2),
(3, 'Archived', 3, 'PostStatus', 3),
(4, 'Pending Approval', 1, 'CommentStatus', 1),
(5, 'Approved', 2, 'CommentStatus', 2);

-- --------------------------------------------------------

--
-- Estructura de tabla para la tabla `vin_post`
--

CREATE TABLE IF NOT EXISTS `vin_post` (
  `id` int(11) NOT NULL AUTO_INCREMENT,
  `title` varchar(128) COLLATE utf8_unicode_ci NOT NULL,
  `content` text COLLATE utf8_unicode_ci NOT NULL,
  `tags` text COLLATE utf8_unicode_ci,
  `status` int(11) NOT NULL,
  `create_time` int(11) DEFAULT NULL,
  `update_time` int(11) DEFAULT NULL,
  `author_id` int(11) NOT NULL,
  PRIMARY KEY (`id`),
  KEY `FK_post_author` (`author_id`)
) ENGINE=InnoDB  DEFAULT CHARSET=utf8 COLLATE=utf8_unicode_ci AUTO_INCREMENT=2 ;

--
-- Volcado de datos para la tabla `vin_post`
--

INSERT INTO `vin_post` (`id`, `title`, `content`, `tags`, `status`, `create_time`, `update_time`, `author_id`) VALUES
(1, 'Control de cambios (02-02-2015)', '<strike>En planilla de Servicios\r\n   No tener que ir a modificar en servicios (se realizara cambio dentro de la misma planilla)<br>\r\nEl campo telefono o celular debe estar ingresado<br></strike>\r\n<strike>En planilla quitar numero de movil y poner el nombre del conductor<br></strike>\r\n    En crear servicio establecer la vista de la dirección<br>\r\n    <strike>Establecer campo de hora termino<br></strike>\r\n    <strike>Guardar campo movil<br></strike>\r\n    En exportar excel establecer la planilla en una sola hoja', 'yii, blog', 2, 1230952187, 1423065244, 1);

-- --------------------------------------------------------

--
-- Estructura de tabla para la tabla `vin_proveedor`
--

CREATE TABLE IF NOT EXISTS `vin_proveedor` (
  `id_proveedor` int(11) NOT NULL AUTO_INCREMENT,
  `nombre` varchar(255) NOT NULL,
  `rut` varchar(15) DEFAULT NULL,
  `telefono` int(11) NOT NULL DEFAULT '0',
  `patente` varchar(10) DEFAULT NULL,
  `modelo` varchar(20) DEFAULT NULL,
  `activo` tinyint(1) NOT NULL DEFAULT '1',
  PRIMARY KEY (`id_proveedor`),
  UNIQUE KEY `nombre` (`nombre`)
) ENGINE=InnoDB  DEFAULT CHARSET=latin1 AUTO_INCREMENT=168 ;

--
-- Volcado de datos para la tabla `vin_proveedor`
--

INSERT INTO `vin_proveedor` (`id_proveedor`, `nombre`, `rut`, `telefono`, `patente`, `modelo`, `activo`) VALUES
(1, 'CARLOS VERA ', '8088743-4 ', 98022442, 'DBWC-15 ', 'H-1 ', 1),
(2, 'ALEJANDRO CARCAMO ', '15660192-6 ', 74507205, 'DBWC-15 ', 'H-1 ', 1),
(3, 'LUIS ALVAREZ ', '14614749-6 ', 65495940, 'DBDD-44 ', 'H-1 ', 1),
(4, 'DENIS ESTAY ', '7529561-8 ', 90838270, 'DBDD-44 ', 'H-1 ', 1),
(5, 'GUILLERMO BECERRA ', '8552502-6 ', 0, 'GJKL-40 ', 'H-1 ', 1),
(6, 'RODOLFO ROJAS ', '9058317-4 ', 85253860, 'CRWF-45 ', 'H-1 ', 1),
(7, 'GONZALO VEAS ', '16665315-9 ', 53728968, 'GCDS-31 ', 'H-1 ', 1),
(8, 'DORIS MUÑOZ ', '7178654-4 ', 93972897, 'CPPF-95 ', 'H-1 ', 1),
(9, 'RAFAEL PASTEN ', '10142086-8 ', 96480256, 'BKYY-94 ', 'H-1 ', 1),
(10, 'ROBERTO CONTRERAS ', '4916872-1 ', 0, 'BKYY-94 ', 'H-1 ', 1),
(11, 'MAURICIO OLIVARES ', ' ', 0, 'CGVH-18 ', 'H-1 ', 1),
(12, 'MAURICIO ARAYA ', '15948783-0 ', 92215391, 'FLDV-51 ', 'H-1 ', 1),
(13, 'MIREYA AGUILERA ', '7239139-K ', 98773779, 'DTYK-42 ', 'H-1 ', 1),
(14, 'AMANDA FERNANDEZ ', '9043906-5 ', 93721965, 'CGVH-22 ', 'VAN', 1),
(15, 'CESAR ALVAREZ ', '16399907-2 ', 78591896, 'CGVH-22 ', 'H-1 ', 1),
(16, 'CAMILO HUMAÑA ', '13213081-7 ', 65700485, 'BVHB-64 ', 'H-1 ', 1),
(17, 'ADDA HUAMAÑA ', '10856376-1 ', 66235946, 'BVHB-64 ', 'H-1 ', 1),
(18, 'MARCELO VERGARA ', ' ', 74968739, 'BTGR-12 ', 'H-1 ', 1),
(19, 'VICTOR GATICA ', '9851205-8 ', 96483692, ' ', ' ', 1),
(20, 'JUAN CABRERA ', '6513747-k ', 94024909, 'BTGR-12 ', 'H-1 ', 1),
(21, 'CARLOS RIVAS ', '9329055-0 ', 96152581, 'BKXG-85 ', 'H-1 ', 1),
(22, 'ARMANDO SILVA ', '8647473-5 ', 67314601, 'BTZT-73 ', 'H-1 ', 1),
(23, 'FREDY  GALDAMEZ ', '9162105-3 ', 93367351, 'BTZT-73 ', 'H-1 ', 1),
(24, 'MARIANA GODOY ', '12719893-4 ', 81375626, 'FGSF-64 ', 'VITO ', 1),
(25, 'CRISTIAN GALLO ', '13830853-7 ', 0, 'FGSF-64 ', 'VITO ', 1),
(26, 'JORGE VALENZUELA ', '7293789-9 ', 95061709, 'GBFG-16 ', 'MAXUS ', 1),
(27, 'MARCOS GOMEZ ', ' ', 0, 'GBFG-16 ', 'MAXUS ', 1),
(28, 'RUBEN TELLO ', '9715740-5 ', 91651064, 'BXBX-75 ', 'H-1 ', 1),
(29, 'MARCELO CARRASCO ', '9633591-1 ', 77903357, 'GHJG-98 ', 'JAC SUNRAY ', 1),
(30, 'FRANCISCO NAVARRO ', '9818211-K ', 0, 'GHJG-98 ', 'JAC SUNRAY ', 1),
(31, 'JORGE TORRES ', '10842695-0 ', 71582811, 'GRRT-67 ', 'JAC EJECUTIVA ', 1),
(32, 'GUISTAVO ROJAS ', '8261549-0 ', 66708243, 'GCCH-72 ', 'JAC EJECUTIVA ', 1),
(33, 'JULIO OPAZO ', '6684051-4 ', 98370675, 'FKZJ-72 ', 'JAC SUNRAY ', 1),
(34, 'FRANCISCO AGAAS ', '14549006-5 ', 77666436, 'FKZJ-72 ', 'JAC SUNRAY ', 1),
(35, 'CLAUDIO GONZALEZ ', '7580702-3 ', 92190287, 'GGTD-62 ', 'JAC EJECUTIVA ', 1),
(36, 'SERGIO MODACA ', '10819652-1 ', 99045828, 'GGTD-62 ', 'JAC EJECUTIVA ', 1),
(37, 'ROBERTO LABARRERA ', '6158343-2 ', 85486580, 'GDVW-34 ', 'JAC EJECUTIVA ', 1),
(38, 'MANUEL VEGAS ', '9334788-9 ', 87313351, 'GDVW-34 ', 'JAC EJECUTIVA ', 1),
(39, 'PAULO ALCALDE ', '13010546-7 ', 88081336, 'FGSG-91 ', 'JAC SUNRAY ', 1),
(40, 'CARLOS GODOY ', '9128188-0 ', 88880436, 'FGSG-91 ', 'JAC SUNRAY ', 1),
(41, 'JOSE  ITURRA ', '13426115-3 ', 92242421, 'GGTD-42 ', 'JAC SUNRAY ', 1),
(42, 'JUAN  PASTEN ', '10353237-K ', 0, 'GGTD-42 ', 'JAC SUNRAY ', 1),
(43, 'PATRICIO TORNERO ', '8929238-2 ', 89292382, 'GCPX-97 ', 'MAXUS ', 1),
(44, 'RICARDO  ALLEN ', '10996165-5 ', 83414919, 'FVXW-60 ', 'MAXUS ', 1),
(45, 'ALAN FIGUEROA ', '9535799-7 ', 83132809, 'FVXW-60 ', 'MAXUS ', 1),
(46, 'MARCELO ARIZAGA ', '5012662-5 ', 95327549, 'GCPX-89 ', 'MAXUS ', 1),
(47, 'ALDO CATALAN ', '11436648-K ', 83597427, 'GCPX-89 ', 'MAXUS ', 1),
(48, 'OSCAR AMAYA ', '14375784-9 ', 92233469, 'GBFJ-49 ', 'FIAT DUCATO ', 1),
(49, 'CLAUDIO ARMIJO ', '14375833-8 ', 61422323, 'GBFJ-49 ', 'FIAT DUCATO ', 1),
(50, 'FREDY TORNERO ', '13027750-0 ', 78789598, 'CVSC-71 ', 'SPRINTER  ', 1),
(51, 'PATRICIA  CONTRERAS ', '7465605-6 ', 78488206, 'GCYC-61 ', 'SPRINTER  ', 1),
(52, 'VICTOR RAMIREZ ', ' ', 0, ' ', ' ', 1),
(53, 'ROSANA POBLETE ', '8053744-1 ', 62479904, 'CGFR-76 ', 'SPRINTER  ', 1),
(54, 'CLAUDIO GALLARDO ', '12265454-0 ', 68409001, 'CGFR-76 ', 'SPRINTER  ', 1),
(55, 'PEDRO  SOLIS ', '7236428-7 ', 95577889, 'BGHH-84 ', 'SPRINTER  ', 1),
(56, 'YOSIMAR ABARCA ', '7236428-7 ', 95577889, 'BGHH-84 ', 'SPRINTER  ', 1),
(57, 'ARTURO GONZALEZ ', '765988-6 ', 95375843, 'BSJG-75 ', 'SPRINTER  ', 1),
(58, 'PEDRO  TORRES ', '10688870-1 ', 96231578, 'GHFF-40 ', 'SPRINTER  ', 1),
(59, 'ALEJANDRO GARRIDO ', '7749217-8 ', 91381144, 'XZ-1048 ', 'SPRINTER  ', 1),
(60, 'JAIME ARRATIA ', '15719779-7 ', 99444439, 'BTLW-57 ', 'SPRINTER  ', 1),
(61, 'CRISTAIN OLIVA ', '10602994-6 ', 83669680, 'FGSG-21 ', 'SPRINTER  ', 1),
(62, 'SERGIO DEL SOLAR ', '10087249-8 ', 68182570, 'FGSG-21 ', 'SPRINTER  ', 1),
(63, 'CARLOS HENRIQUEZ ', '15072548-8 ', 54142402, 'GYDR-15 ', 'PEUGEOT EXPERT ', 1),
(64, 'RAUL DURAN ', ' ', 0, 'GYDR-15 ', 'PEUGEOT EXPERT ', 1),
(65, 'MAURICIO DURAN ', '16575881-1 ', 92226445, 'FZRB-64 ', 'FORD NEW ESCAPE ', 1),
(66, 'FELIPE  RIVAS ', '17403107-K ', 99491215, ' ', 'SUB URBAN ', 1),
(67, 'ESTEBAN RIVAS ', '16357300-8 ', 99993145, ' ', 'SUB URBAN ', 1),
(68, 'RENE LUIS CARDENAS ', '16567397-2 ', 0, ' ', 'CAMION ', 1),
(69, 'SERGIO ANTONIO ESPINOZA ', '16784714-5 ', 0, ' ', 'CAMION ', 1),
(70, 'CARLOS FERNANDO JUMENEZ ', '6610201-7 ', 0, ' ', 'CAMION ', 1),
(71, 'RICHARD LEAL ', '11867335-2 ', 92511438, 'CKSP -50 ', 'CAMION ', 1),
(72, 'MARIO MANDUJANO ', '10899437-1 ', 81546490, 'DSJX - 41 ', 'CAMION ', 1),
(73, 'FELIPE  AREVALO ', '9994903-1 ', 95365383, 'FWGY - 19 ', 'CAMION ', 1),
(75, 'NELSON VENEGAS ', '8771390-3 ', 0, ' ', 'CAMION ', 1),
(76, 'KURT IGNACIO REIN ', '12487054-2 ', 81374204, ' ', 'H -1 ', 1),
(77, 'FREDDY CORTEZ ', '11127738-9 ', 89838167, ' ', 'H -1 ', 1),
(78, 'JOSE  MORA  ', '9451397-9 ', 76973751, ' ', 'SPRINTER ', 1),
(79, 'GINO ROMANINI ', '9517721-2 ', 95479213, ' ', 'SPRINTER ', 1),
(80, 'VICTOR HUGO TELLO ', '10340050-3 ', 84511233, ' ', 'SPRINTER ', 1),
(81, 'PEDRO  MORA ', '8323755-4 ', 76973751, ' ', 'H-1 ', 1),
(82, 'GILBERTO CUBILLOS ', '7699049-2 ', 74625117, ' ', 'H-1 ', 1),
(83, 'CRISTIAN  MUÑOZ ', '11841617-1 ', 64458038, 'GKVK -90 ', 'HIGER ', 1),
(84, 'PATRICIO SOTO ', '9904109-9 ', 64458027, 'GKYK -93 ', 'HIGER ', 1),
(85, 'ESTEBAN  RETAMALES ', '17166907-3 ', 91340090, 'GPPT - 91 ', 'HIGER ', 1),
(86, 'MARIA DOLORES MONTERO ', '8062898-6 ', 93315895, 'GPPT -90 ', 'HIGER ', 1),
(87, 'CARLOS BENITEZ ', '1414121-2 ', 90004588, ' ', 'H-1 ', 1),
(88, 'MARCO HERRERA  ', '11607768-K ', 93320836, 'FWSX - 17 ', 'VITO ', 1),
(89, 'PATRICIO SANHUEZA ', '5089923-3 ', 92253729, 'FBYS  97 ', 'SPRINTER ', 1),
(90, 'EUGENIO GOMES ', '13548009-6 ', 99213450, 'FHFR -17 ', 'SPRINTER ', 1),
(91, 'ALEJANDRO MOYA ', '12875751-1 ', 74073733, 'GDXG - 43 ', 'SPRINTER ', 1),
(92, 'MARCO HERRERA2', '11607768-K ', 93320836, 'DLPG- 86 ', 'SPRINTER ', 1),
(93, 'CRISTIAN REYES', '15892676-8', 64455295, 'XS8959', 'CAMION', 1),
(95, 'RICARDO GUTIERREZ', '', 83212773, '', 'H-1', 1),
(96, 'CLAUDIO ', '', 50904453, '', 'VIANO', 1),
(97, 'OSCAR PEÑA', '', 77494254, 'DR SH 12', 'HIGER', 1),
(98, 'CLAUDIO SASSO', '', 50904453, '', 'VIANO', 1),
(99, 'ANGELO MEZA', '', 91585063, '', 'SPRINTER', 1),
(101, 'LUIS GARCIA', '15667731-0', 42443812, '', 'VIANO', 1),
(102, 'JUAN CARLOS ARANDA', '12229942-2', 78470403, 'HCCC 27', 'TRAVERESE', 1),
(103, 'VICTOR SAAVEDRA', '6158343-2', 85486580, 'HC CD 17', 'TRAVERESE', 1),
(104, 'JUAN VICENCIO', '8906240-3', 94190458, 'HC CC 12', 'TRAVERESE', 1),
(105, 'EMILIO DURAN', '8352550-9', 94361893, 'HC CD 14', 'TRAVERESE', 1),
(106, 'FERNANDO SILVA', '', 79970730, 'HC CC 24', 'T', 1),
(107, 'MAURICIO MUÑOZ', '8749601-0', 66671308, 'HC CC 25', 'TRAVERESE', 1),
(108, 'ALEJANDRO MUÑOZ', '8794600-2', 68375105, 'HC CD 16', 'TRAVERESE', 1),
(109, 'MAURICIO GOMEZ', '9535156-5', 78487053, 'HC CD 15', 'TRAVERESE', 1),
(110, 'EDUARDO HEFEL', '7047739-4', 92240580, 'HC CC 26', 'TRAVERESE', 1),
(111, 'MAURICIO DURAN2', '16575881-1', 90251752, 'HC CD 13', 'TRAVERESE', 1),
(112, 'HUMBERTO ALVAREZ', '9271013-0', 98367348, 'HC CD 18', 'TRAVERESE', 1),
(113, 'CAMILO TOLEDO', '16380665-7', 72664361, 'HC CC 22', 'TRAVERESE', 1),
(114, 'MARCO IRRIBARRA', '8266307.K', 73062000, 'HC CC 23', 'TRAVERESE', 1),
(115, 'JUAN CARLOS AGUIRRE', '7940788-7', 91583855, 'HC CD 11', 'TRAVERESE', 1),
(116, 'PEDRO CHAVEZ', '12844875-6', 86938605, 'HC CD 18', 'TRAVERESE', 1),
(117, 'ALEJANDRO JORCANO', '', 74507205, 'HB HK 77', 'H-1', 1),
(118, 'JUAN MANUEL DONOSO', '', 78086785, '', 'VAN', 1),
(119, 'ALEX SEPULVEDA', '', 79676274, '', 'VAN', 1),
(121, 'RENE ESTAY', '', 98654971, '', 'VAN CARGA', 1),
(123, 'IVAN JARA', '', 84798196, '', 'BUS', 1),
(124, 'CARLOS SAN MARTIN', '', 79738100, '', '', 1),
(125, 'MIGUEL PEÑONES', '', 64959068, '', 'VAN', 1),
(126, 'ADOLFO KALUG', '', 57736128, '', 'VAN', 1),
(127, 'AQUILINO LOPEZ', '', 81955887, '', '', 1),
(128, 'JORGE BUSTAMANTE', '', 92233446, '', '', 1),
(129, 'JOSE SANCHEZ', '', 73257071, '', 'VAN', 1),
(130, 'JULIO ORELLANA', '', 64215429, '', 'VAN', 1),
(133, 'PEDRO ASTORGA', '', 91944727, '', 'VIANO', 1),
(136, 'HECTOR MOLINA', '', 64557656, '', 'SPRINTER', 1),
(137, 'NELSON HUERTA', '', 96103293, '', 'SPRINTER', 1),
(140, 'PATRICIO BOLIVAR', '', 83791107, '', 'EDGE', 1),
(141, 'CLAUDIO ELGUETA', '', 57153300, '', 'SPRINTER', 1),
(143, 'ALEJANDRO ZDERICH', '', 99332732, '', 'CAMION', 1),
(144, 'PABLO AEDO', '', 64557657, '', 'SPRINTER', 1),
(145, 'MANUEL CANALES', '', 78973585, '', 'VAN', 1),
(146, 'OSVALDO SILVA', '', 94304841, '', 'BUS 25', 1),
(147, 'JUAN AGUILERA', '', 99393375, '', 'BUS', 1),
(148, 'DANILO DURAN', '', 56981766, '', 'SUB URVAN', 1),
(149, 'PABLO ARRATIA ', '', 87613674, '', '', 1),
(150, 'PEDRO ARIAS', '', 91944727, '', 'VIANO', 1),
(151, 'LUIS ARANCIBIA', '', 72163253, '', '', 1),
(152, 'OMAR SOZZA', '', 86623343, '', 'CAMION RAMPLA', 1),
(153, 'CRISTIAN ABALAY', '', 57399787, '', 'BUS', 1),
(154, 'CATAN', '', 0, '', 'VIAN0', 1),
(155, 'CATAN2', '', 0, '', 'SUB URVAN', 1),
(156, 'FRANCISCO PAINE', '', 42359956, '', '', 1),
(157, 'JORGE LILLO', '', 0, '', '', 1),
(158, 'JOSE FLORES', '', 61107899, '', 'SPRINTER', 1),
(159, 'OSCAR PEREZ', '', 51798381, '', 'VIANO', 1),
(160, 'JOHANA MANDUJANO', '', 0, '', '', 1),
(161, 'ROBISON GAETE', '', 87921146, '', 'SPRINTER', 1),
(163, 'JOSELINA VERGARRA', '', 62067091, '', 'VAN', 1),
(164, 'JAVIER ZAMORA', '', 90935460, '', 'VAN', 1),
(165, 'LUIS ALBERTO RIVERA', '', 91868994, '', '', 1),
(166, 'LUIS MORENO', '', 83127459, '', 'CAMION ', 1),
(167, 'CRISTIAN GALLO2', '', 71087180, '', 'VAN', 1);

-- --------------------------------------------------------

--
-- Estructura de tabla para la tabla `vin_serveliminado`
--

CREATE TABLE IF NOT EXISTS `vin_serveliminado` (
  `id_eliminado` int(15) NOT NULL AUTO_INCREMENT,
  `id_servicio` int(11) NOT NULL,
  `id_user` int(11) NOT NULL,
  `fecha` date NOT NULL,
  `fecha_emision` date NOT NULL,
  `hora_emision` time NOT NULL,
  `hora_ini` time NOT NULL,
  `hora_ter` time DEFAULT NULL,
  `lugar_presentacion` varchar(255) NOT NULL,
  `comuna1` int(11) NOT NULL,
  `pasajeros` int(11) NOT NULL,
  `pasajero_principal` varchar(255) NOT NULL,
  `telefono` int(11) DEFAULT NULL,
  `celular` int(11) DEFAULT NULL,
  `lugar_destino` varchar(255) NOT NULL,
  `comuna2` int(11) NOT NULL,
  `vuelo_in` varchar(255) DEFAULT NULL,
  `vuelo_out` varchar(255) DEFAULT NULL,
  `referencias` text,
  `tipo_servicio` int(11) NOT NULL,
  `tipo_vehiculo` int(11) NOT NULL,
  `centrocosto` int(15) NOT NULL,
  `nro_movil` varchar(15) DEFAULT NULL,
  `id_eliminador` int(11) DEFAULT '0',
  `fecha_eliminacion` date NOT NULL,
  `hora_eliminacion` time NOT NULL,
  PRIMARY KEY (`id_eliminado`)
) ENGINE=InnoDB  DEFAULT CHARSET=latin1 AUTO_INCREMENT=142 ;

--
-- Volcado de datos para la tabla `vin_serveliminado`
--

INSERT INTO `vin_serveliminado` (`id_eliminado`, `id_servicio`, `id_user`, `fecha`, `fecha_emision`, `hora_emision`, `hora_ini`, `hora_ter`, `lugar_presentacion`, `comuna1`, `pasajeros`, `pasajero_principal`, `telefono`, `celular`, `lugar_destino`, `comuna2`, `vuelo_in`, `vuelo_out`, `referencias`, `tipo_servicio`, `tipo_vehiculo`, `centrocosto`, `nro_movil`, `id_eliminador`, `fecha_eliminacion`, `hora_eliminacion`) VALUES
(26, 17, 1, '2015-02-04', '2015-02-04', '19:04:00', '22:00:00', '00:00:00', 'HOTEL SHERATON', 47, 0, 'CARGA', 0, 0, 'HOTEL DIEGO DE ALMAGRO', 47, '', '', '', 0, 6, 0, '', 1, '2015-02-04', '19:07:00'),
(27, 17, 1, '2015-02-04', '2015-02-04', '19:07:00', '23:00:00', '00:00:00', 'HOTEL MARINA DEL REY', 47, 0, 'CARGA', 0, 0, 'HOTEL SHERATON', 47, '', '', '', 0, 6, 0, '', 1, '2015-02-04', '19:14:00'),
(28, 16, 1, '2015-02-04', '2015-02-04', '18:08:00', '22:00:00', '00:00:00', 'HOTEL MARINA DEL REY', 47, 0, 'CARGA', 0, 0, 'HOTEL SHERATON', 47, '', '', '', 0, 9, 0, '', 1, '2015-02-05', '11:09:00'),
(29, 17, 1, '2015-02-04', '2015-02-04', '19:14:00', '23:00:00', '00:00:00', 'HOTEL SHERATON', 47, 0, 'CARGA', 0, 0, 'HOTEL DIEGO DE ALMAGRO', 47, '', '', '', 0, 6, 0, '', 1, '2015-02-05', '11:09:00'),
(30, 24, 2, '2015-02-20', '2015-02-05', '11:48:00', '07:15:00', '00:00:00', 'AEROPUERTO SANTIAGO', 24, 2, 'MARIA ALEJANDRA REQUENA, KAREN WILLET', 0, 0, 'HOTEL SHERATON', 47, 'LAN 501', '', '', 3, 3, 13, '', 2, '2015-02-09', '09:56:00'),
(31, 31, 1, '2015-02-09', '2015-02-09', '14:04:00', '22:00:00', '00:00:00', 'HOTEL MARINA DEL REY', 47, 0, 'CARGA', 0, 0, 'HOTEL SHERATON', 47, '', '', 'PRUEBA FINAL DE CORREO', 10, 14, 0, '', 1, '2015-02-09', '14:07:00'),
(32, 31, 1, '2015-02-09', '2015-02-09', '14:21:00', '22:00:00', '00:00:00', 'HOTEL SHERATON', 47, 0, 'PRUEBA', 0, 0, 'HOTEL DEL MAR', 47, '', '', '', 4, 15, 0, '', 1, '2015-02-09', '14:23:00'),
(33, 31, 1, '2015-02-09', '2015-02-09', '14:23:00', '22:00:00', '00:00:00', 'HOTEL DIEGO DE ALMAGRO', 47, 0, 'CARGA', 0, 0, 'HOTEL SHERATON', 47, '', '', '', 6, 6, 0, '', 1, '2015-02-09', '14:29:00'),
(34, 31, 1, '2015-02-09', '2015-02-09', '14:29:00', '22:00:00', '00:00:00', 'HOTEL SHERATON', 47, 0, 'CARGA', 0, 0, 'HOTEL MARINA DEL REY', 47, '', '', '', 1, 6, 0, '', 1, '2015-02-09', '14:33:00'),
(35, 31, 1, '2015-02-09', '2015-02-09', '14:33:00', '22:00:00', '00:00:00', 'HOTEL SHERATON', 47, 0, 'CARGA', 0, 0, 'HOTEL MARINA DEL REY', 47, '', '', '', 8, 14, 0, '', 1, '2015-02-09', '14:34:00'),
(36, 31, 1, '2015-02-09', '2015-02-09', '14:34:00', '22:00:00', '00:00:00', 'HOTEL SHERATON', 47, 0, 'CARGA', 0, 0, 'HOTEL MARINA DEL REY', 47, '', '', '', 4, 8, 0, '', 1, '2015-02-09', '14:39:00'),
(37, 65, 180, '2015-02-14', '2015-02-13', '11:01:00', '09:30:00', '18:00:00', 'CHILEVISION', 23, 0, 'CARGA, JAVIER HERRERA', 0, 66565384, 'QUINTA VERGARA', 47, '', '', 'CONTACTAR CON JAVIER HERRERA.', 4, 6, 13, '', 180, '2015-02-13', '16:18:00'),
(38, 66, 180, '2015-02-14', '2015-02-13', '11:11:00', '11:00:00', '18:00:00', 'MACHASA', 6, 0, 'CARGA, JAVIER HERRERA', 0, 66565384, 'QUINTA VERGARA', 47, '', '', 'CONTACTAR CON JAVIER HERRERA', 4, 6, 13, '', 180, '2015-02-13', '16:18:00'),
(39, 67, 180, '2015-02-15', '2015-02-14', '11:30:00', '15:00:00', '20:00:00', 'JUAN GUZMAN CRUCHAGA 3841 ', 20, 3, 'ELIZABETH MORRIS', 0, 97172981, 'HOTEL O HIGGINS', 47, '', '', 'LA CALLE ES EX PAIPOTE ENTRE LUIS VALENZUELA Y VICENTE HUIDOBRO.\r\nPASA A RETIRAR A DOS PERSONAS MAS A LA REINA Y ñUñOA.\r\n', 4, 8, 13, '', 180, '2015-02-14', '13:47:00'),
(40, 84, 180, '2015-02-16', '2015-02-15', '15:25:00', '10:00:00', '00:00:00', 'DARDIGNAC 37 RECOLETA', 28, 0, 'CARGA, ARTURO VARAS', 0, 84101980, 'QUINTA VERGARA', 47, '', '', '', 4, 14, 13, '', 180, '2015-02-15', '15:34:00'),
(41, 21, 2, '2015-02-19', '2015-02-05', '11:44:00', '05:10:00', '00:00:00', 'AEROPUETO SANTIAGO ', 24, 1, 'BARABARA MOSCOSO', 0, 0, 'HOTEL DIEGO DE ALMAGRO', 47, 'AA 7700', '', '', 3, 9, 13, '', 2, '2015-02-18', '20:51:00'),
(42, 47, 2, '2015-02-20', '2015-02-10', '14:51:00', '13:10:00', '00:00:00', 'AEROPUERTO SANTIAGO', 24, 1, 'DAMINA FONTAN', 0, 0, 'HOTEL DIEGO DE ALMAGRO', 45, 'AR 2284', '', '', 3, 9, 13, '', 2, '2015-02-19', '15:19:00'),
(43, 123, 2, '2015-02-20', '2015-02-19', '15:48:00', '07:15:00', '00:00:00', 'AEROPUERTO SANTIAGO', 24, 3, 'ANA MARIA POL0, PAOLA MARTIRN - SANDRA NADER', 0, 0, 'HOTEL SHERATON MIRAMAR', 47, 'LAN 501', '', 'TRAVERSE QUEDA A DISPOSICION', 3, 19, 13, '108', 2, '2015-02-19', '16:54:00'),
(44, 110, 2, '2015-02-19', '2015-02-18', '22:21:00', '13:10:00', '00:00:00', 'AEROPUERTO SANTIAGO', 24, 1, 'DEMIAN CORTIZAS', 0, 0, 'HOTEL SHERATON MIRAMAR', 47, 'AR 2284', '', '', 3, 9, 101010, '0', 2, '2015-02-19', '19:04:00'),
(45, 135, 180, '2015-02-20', '2015-02-19', '20:36:00', '12:00:00', '00:00:00', 'INéS MATTE URREJOLA 0890', 23, 8, 'CLAUDIA DE LA CERDA', 0, 82595361, 'HOTEL SAN MARTIN', 47, '', '', '', 4, 9, 202001, '0', 180, '2015-02-19', '20:37:00'),
(46, 145, 2, '2015-02-20', '2015-02-20', '09:19:00', '10:00:00', '00:00:00', 'AV COLON 4257', 7, 2, 'ISIDORA URREJONA - RODRIGO FARIAS', 0, 99796667, 'HOTEL SHERATON MIRAMAR', 47, '', '', 'RETIRO DE VESTUARIO ', 4, 8, 13, '80', 2, '2015-02-20', '09:33:00'),
(47, 1, 180, '2015-02-02', '2015-01-30', '11:57:00', '09:00:00', '20:00:00', 'BUSTAMANTE 905', 22, 0, 'CARGA', 0, 56492821, 'QUINTA VERGARA', 47, '', '', 'CAMIóN GRANDE ', 4, 14, 13, '45', 2, '2015-02-20', '09:33:00'),
(48, 147, 2, '2015-02-20', '2015-02-20', '09:19:00', '10:00:00', '00:00:00', 'AV COLON 4257', 7, 2, 'ISIDORA URREJONA - RODRIGO FARIAS', 0, 99796667, 'HOTEL SHERATON MIRAMAR', 47, '', '', 'RETIRO DE VESTUARIO ', 4, 8, 13, '80', 2, '2015-02-20', '09:34:00'),
(49, 170, 1, '2015-02-21', '2015-02-20', '21:36:00', '21:34:00', '00:00:00', 'HOTEL MARINA DEL REY', 47, 5, '---', 0, 0, 'HOTEL SHERATON MIRAMAR', 47, '', '', '', 3, 8, 0, '0', 1, '2015-02-20', '21:38:00'),
(50, 177, 1, '2015-02-21', '2015-02-20', '22:28:00', '22:26:00', '00:00:00', 'HOTEL MARINA DEL REY', 47, 3, '---', 0, 0, 'HOTEL SHERATON MIRAMAR', 47, '', '', '', 0, 16, 0, '0', 1, '2015-02-20', '22:30:00'),
(51, 196, 2, '2015-02-21', '2015-02-21', '00:48:00', '16:15:00', '00:00:00', 'AEROPUERTO SANTIAGO', 24, 1, 'GADIEL VEGUILLA', 0, 0, 'HOTEL SHERATON MIRAMAR', 47, 'LAN 1447', '', '', 3, 9, 13, '145', 2, '2015-02-21', '00:55:00'),
(52, 148, 2, '2015-02-22', '2015-02-20', '13:29:00', '18:00:00', '00:00:00', 'INéS MATTE URREJOLA 0890', 23, 8, 'LORENA BURGOS', 0, 82595359, 'HOTEL MARINA DEL REY', 47, '', '', '', 4, 8, 202001, '122', 181, '2015-02-21', '13:41:00'),
(53, 208, 180, '2015-02-22', '2015-02-21', '17:59:00', '03:00:00', '00:00:00', 'HOTEL DIEGO DE ALMAGRO', 45, 8, 'TECNICO, PAULINA ORTEGA (ATACHE)', 0, 68981958, 'QUINTA VERGARA', 47, '', '', '', 8, 8, 13, '0', 180, '2015-02-21', '18:24:00'),
(54, 197, 181, '2015-02-22', '2015-02-21', '13:29:00', '12:20:00', '00:00:00', 'VICUÑA MACKENNA 1231,DEPTO. 222,FRENTE A MEGA', 7, 8, 'CLAUDIA RISSO (MANAGER), CENTELLA + STAFF', 0, 84232997, 'HOTEL O HIGGINS', 47, '', '', '', 4, 8, 13, '0', 181, '2015-02-21', '19:11:00'),
(55, 48, 2, '2015-02-22', '2015-02-10', '14:53:00', '18:07:00', '00:00:00', 'AEROPUERTO SANTIAGO', 24, 40, 'STAFF RICARDO ARJONA', 0, 0, 'HOTEL DIEGO DE ALMAGRO', 45, '', '', '', 3, 16, 13, '0', 2, '2015-02-22', '01:01:00'),
(56, 265, 181, '2015-02-23', '2015-02-22', '14:09:00', '09:00:00', '00:00:00', 'HOTEL DIEGO DE ALMAGRO', 47, 15, 'STAFF RICARDO ARJONA, DIEGO SUAREZ', 0, 82601031, 'QUINTA VERGARA', 47, '', '', 'CARTEL CON LETRA GRANDE B3', 8, 8, 13, '0', 181, '2015-02-22', '14:19:00'),
(57, 49, 2, '2015-02-23', '2015-02-10', '14:57:00', '09:00:00', '23:59:00', 'HOTEL DIEGO DE ALMAGRO', 45, 15, 'STAFF RICARDO ARJONA B-1', 0, 0, 'QUINTA VERGARA', 47, '', '', 'SERVICIOS DE POLL PARA MOVIMIENTOS INTERNOS ', 13, 8, 13, '0', 2, '2015-02-22', '18:42:00'),
(58, 50, 2, '2015-02-23', '2015-02-10', '14:57:00', '09:00:00', '23:59:00', 'HOTEL DIEGO DE ALMAGRO', 45, 15, 'SATFF RICARDO ARJONA B-2', 0, 0, 'QUINTA VERGARA', 47, '', '', 'SERVICIOS INTERNOS POLL', 13, 8, 13, '0', 2, '2015-02-22', '18:43:00'),
(59, 51, 2, '2015-02-23', '2015-02-10', '15:02:00', '15:00:00', '00:00:00', 'HOTEL DIEGO DE ALMAGRO', 45, 15, 'SATFF RICARDO ARJONA B-3', 0, 0, 'QUINTA VERGARA', 47, '', '', 'MOVIMIENETOS INTERNOS VIÑA POLL', 13, 8, 13, '0', 2, '2015-02-22', '19:05:00'),
(60, 307, 181, '2015-02-28', '2015-02-23', '11:42:00', '06:45:00', '00:00:00', 'HOTEL O HIGGINS', 47, 12, 'AUDIO, MAQUILLAJE, PELUQUERIA Y VESTUARIO, IGNACIO URRUTIA', 0, 65995904, 'QUINTA VERGARA', 47, '', '', '', 17, 8, 13, '0', 181, '2015-02-23', '11:45:00'),
(61, 309, 181, '2015-02-28', '2015-02-23', '11:46:00', '07:45:00', '00:00:00', 'HOTEL O HIGGINS', 47, 12, 'AUDIO, MAQUILLAJE, PELUQUERIA Y VESTUARIO, IGNACIO URRUTIA', 0, 65995904, 'HOTEL SHERATON MIRAMAR', 47, '', '', '', 17, 8, 13, '0', 181, '2015-02-23', '12:01:00'),
(62, 321, 2, '2015-02-23', '2015-02-23', '12:29:00', '12:00:00', '00:00:00', 'HOTEL SHERATON MIRAMAR', 47, 4, 'STAFF YANDEL', 0, 0, 'AEROPUERTO SANTIAGO', 24, '', '', '', 2, 20, 13, '55', 2, '2015-02-23', '12:37:00'),
(63, 354, 181, '2015-02-26', '2015-02-23', '16:16:00', '09:30:00', '00:00:00', 'HOTEL MARINA DEL REY', 47, 6, 'SEBASTIAN VALLEJOS, STAFF FIEBRE DE VIÑA', 0, 57594998, 'HOTEL SHERATON MIRAMAR', 47, '', '', '', 17, 9, 13, '0', 181, '2015-02-23', '16:21:00'),
(64, 344, 2, '2015-02-23', '2015-02-23', '16:03:00', '06:35:00', '00:00:00', 'AEROPUERTO SANTIAGO', 24, 60, 'GRUPO ALEJANDRO FERNANDEZ', 0, 0, 'HOTEL DIEGO DE ALMAGRO', 47, 'LAN 5911', '', '', 3, 16, 13, '0', 2, '2015-02-23', '21:15:00'),
(65, 53, 2, '2015-02-24', '2015-02-10', '15:05:00', '02:00:00', '00:00:00', 'HOTEL DIEGO DE ALMAGRO', 45, 1, 'JORGE GUADALUPE', 0, 0, 'AEROPUERTO SANTIAGO', 24, 'CM 112', '', '', 2, 3, 13, '0', 2, '2015-02-23', '21:24:00'),
(66, 379, 2, '2015-02-24', '2015-02-23', '17:37:00', '06:18:00', '00:00:00', 'AEROPUERTO SANTIAGO', 24, 6, 'GRUPO CULTURA PROFETICA', 0, 0, 'HOTEL DIEGO DE ALMAGRO', 47, 'AV 097', '', '', 3, 9, 13, '0', 2, '2015-02-23', '21:37:00'),
(67, 387, 2, '2015-02-24', '2015-02-23', '17:45:00', '09:00:00', '00:00:00', 'HOTEL DIEGO DE ALMAGRO', 47, 1, 'DAMIAN FOTAN', 0, 0, 'AEROPUERTO SANTIAGO', 24, '', '', '', 2, 19, 13, '0', 2, '2015-02-23', '22:05:00'),
(68, 388, 2, '2015-02-24', '2015-02-23', '17:45:00', '09:00:00', '00:00:00', 'HOTEL DIEGO DE ALMAGRO', 47, 1, 'DAMIAN FOTAN', 0, 0, 'AEROPUERTO SANTIAGO', 24, '', '', '', 2, 19, 13, '0', 2, '2015-02-23', '22:05:00'),
(69, 407, 2, '2015-02-24', '2015-02-23', '18:04:00', '12:00:00', '00:00:00', 'AEROPUERTO SANTIAGO', 24, 2, 'LUIS LOPEZ LUIS GOMEZ', 0, 0, 'HOTEL SHERATON MIRAMAR', 47, 'LAN 163', '', '', 3, 19, 13, '0', 2, '2015-02-23', '22:36:00'),
(70, 57, 2, '2015-02-24', '2015-02-10', '15:09:00', '18:00:00', '00:00:00', 'HOTEL DIEGO DE ALMAGRO', 45, 1, 'GABY MORENO', 0, 0, 'AEROPUERTO SANTIAGO', 24, 'UA 846', '', '', 2, 9, 13, '0', 2, '2015-02-24', '10:17:00'),
(71, 58, 2, '2015-02-24', '2015-02-10', '15:09:00', '18:00:00', '00:00:00', 'HOTEL DIEGO DE ALMAGRO', 45, 1, 'GABY MORENO', 0, 0, 'AEROPUERTO SANTIAGO', 24, 'UA 846', '', '', 2, 9, 13, '0', 2, '2015-02-24', '10:17:00'),
(72, 56, 2, '2015-02-24', '2015-02-10', '15:09:00', '18:00:00', '00:00:00', 'HOTEL DIEGO DE ALMAGRO', 45, 1, 'GABY MORENO', 0, 0, 'AEROPUERTO SANTIAGO', 24, 'UA 846', '', '', 2, 9, 13, '0', 2, '2015-02-24', '10:19:00'),
(73, 416, 2, '2015-02-24', '2015-02-23', '18:28:00', '18:59:00', '00:00:00', 'HOTEL DIEGO DE ALMAGRO', 47, 1, 'GABY MORENO', 0, 0, 'HOTEL W', 1, 'AU 846', '', '', 5, 9, 13, '101', 2, '2015-02-24', '10:23:00'),
(74, 419, 2, '2015-02-24', '2015-02-23', '18:34:00', '20:30:00', '00:00:00', 'HOTEL DIEGO DE ALMAGRO', 47, 30, 'STAFF RICARDO ARJONA, DIEGO SUAREZ', 0, 0, 'AEROPUERTO SANTIAGO', 24, '', '', '', 2, 16, 13, '0', 2, '2015-02-24', '11:03:00'),
(75, 451, 2, '2015-02-24', '2015-02-24', '17:05:00', '17:30:00', '00:00:00', 'HOTEL SHERATON MIRAMAR', 47, 2, 'KEKO YOMA, ROSAMEL FIERRO', 0, 0, 'QUINTA VERGARA', 47, '', '', '', 8, 19, 202001, '112', 2, '2015-02-24', '17:06:00'),
(76, 352, 181, '2015-02-25', '2015-02-23', '16:11:00', '09:45:00', '00:00:00', 'HOTEL SAN MARTIN', 47, 6, 'SEBASTIAN VALLEJOS, STAFF FIEBRE DE VIÑA', 0, 57594998, 'HOTEL SHERATON MIRAMAR', 47, '', '', '', 17, 9, 13, '0', 181, '2015-02-24', '17:23:00'),
(77, 354, 181, '2015-02-26', '2015-02-23', '16:21:00', '09:45:00', '00:00:00', 'HOTEL SAN MARTIN', 47, 6, 'SEBASTIAN VALLEJOS, STAFF FIEBRE DE VIÑA', 0, 57594998, 'HOTEL SHERATON MIRAMAR', 47, '', '', '', 17, 9, 13, '0', 181, '2015-02-24', '17:23:00'),
(78, 355, 181, '2015-02-27', '2015-02-23', '16:22:00', '09:46:00', '00:00:00', 'HOTEL SAN MARTIN', 47, 6, 'SEBASTIAN VALLEJOS, STAFF FIEBRE DE VIÑA', 0, 57594998, 'HOTEL SHERATON MIRAMAR', 47, '', '', '', 17, 9, 13, '0', 181, '2015-02-24', '17:23:00'),
(79, 356, 181, '2015-02-28', '2015-02-23', '16:24:00', '09:45:00', '00:00:00', 'HOTEL SAN MARTIN', 47, 6, 'SEBASTIAN VALLEJOS, STAFF FIEBRE DE VIÑA', 0, 57594998, 'HOTEL SHERATON MIRAMAR', 47, '', '', '', 17, 9, 13, '0', 181, '2015-02-24', '17:26:00'),
(80, 451, 2, '2015-02-24', '2015-02-24', '17:14:00', '17:30:00', '00:00:00', 'HOTEL SHERATON MIRAMAR', 47, 5, 'REIK, ', 0, 0, 'AEROPUERTO SANTIAGO', 24, '', '', '', 2, 9, 13, '18', 2, '2015-02-24', '17:28:00'),
(81, 458, 181, '2015-02-25', '2015-02-24', '17:41:00', '14:00:00', '00:00:00', 'ñUBLE 1422', 7, 8, 'MANUEL HERRERA, CICLINDOS DE HELIO (4)', 0, 84657716, 'HOTEL GALA', 47, '', '', '', 4, 8, 13, '0', 181, '2015-02-24', '17:46:00'),
(82, 90, 2, '2015-02-25', '2015-02-17', '10:35:00', '03:00:00', '00:00:00', 'HOTEL DIEGO DE ALMAGRO', 47, 1, 'MAURCIO DURA', 0, 0, 'QUINTA VERGARA', 47, '', '', '', 9, 9, 13, '15', 2, '2015-02-24', '17:59:00'),
(83, 483, 2, '2015-02-25', '2015-02-25', '00:40:00', '16:00:00', '00:00:00', 'AEROPUERTO SANTIAGO', 24, 3, 'ROMEO SANTOS', 0, 0, 'HOTEL SHERATON MIRAMAR', 47, '', '', '', 3, 21, 13, '148', 2, '2015-02-25', '15:37:00'),
(84, 518, 2, '2015-02-26', '2015-02-25', '20:03:00', '08:00:00', '00:00:00', 'HOTEL DIEGO DE ALMAGRO', 47, 24, 'GRUPO  PEDRO AZNAR', 0, 0, 'AEROPUERTO SANTIAGO', 24, '', '', '', 2, 16, 13, '123', 2, '2015-02-25', '20:30:00'),
(85, 553, 2, '2015-02-26', '2015-02-26', '16:13:00', '17:00:00', '17:00:00', 'HOTEL MARINA DEL REY', 47, 3, 'INTERNET, STAFF INTERNET', 0, 0, 'QUINTA VERGARA', 47, '', '', '', 8, 19, 13, '', 2, '2015-02-26', '16:24:00'),
(86, 562, 2, '2015-02-27', '2015-02-27', '00:08:00', '08:30:00', '00:00:00', 'HOTEL SHERATON MIRAMAR', 47, 8, 'JORGE VALENZUELA', 0, 9, 'QUINTA VERGARA', 47, '', '', '', 8, 8, 13, '48', 2, '2015-02-27', '00:34:00'),
(87, 564, 2, '2015-02-27', '2015-02-27', '00:08:00', '08:30:00', '00:00:00', 'HOTEL SHERATON MIRAMAR', 47, 8, 'JORGE VALENZUELA', 0, 9, 'QUINTA VERGARA', 47, '', '', '', 8, 8, 13, '48', 2, '2015-02-27', '00:34:00'),
(88, 566, 2, '2015-02-27', '2015-02-27', '00:08:00', '08:30:00', '00:00:00', 'HOTEL SHERATON MIRAMAR', 47, 8, 'JORGE VALENZUELA', 0, 9, 'QUINTA VERGARA', 47, '', '', '', 8, 8, 13, '48', 2, '2015-02-27', '00:34:00'),
(89, 567, 2, '2015-02-27', '2015-02-27', '00:08:00', '08:30:00', '00:00:00', 'HOTEL SHERATON MIRAMAR', 47, 8, 'JORGE VALENZUELA', 0, 9, 'QUINTA VERGARA', 47, '', '', '', 8, 8, 13, '48', 2, '2015-02-27', '00:34:00'),
(90, 578, 181, '2015-02-28', '2015-02-27', '14:04:00', '11:00:00', '00:00:00', 'HOTEL O HIGGINS', 47, 7, 'BOLIVIA FOLK + COLOMBIA INTER, EQUIPAJE', 0, 81353821, 'AEROPUERTO SANTIAGO', 24, '', '', '', 2, 8, 13, '0', 181, '2015-02-27', '19:45:00'),
(91, 586, 181, '2015-02-28', '2015-02-27', '16:42:00', '18:00:00', '00:00:00', 'HOTEL O HIGGINS', 47, 1, 'LORI NUIC (CANADA), JOSE SOTO', 0, 81353821, 'AEROPUERTO SANTIAGO', 24, '', '', '', 2, 9, 13, '0', 181, '2015-02-27', '19:53:00'),
(92, 35, 2, '2015-02-28', '2015-02-09', '15:41:00', '12:00:00', '00:00:00', 'HOTEL MARINA DEL REY', 47, 6, 'ALEJANDRO RAMINREZ, ARTURO BENEVIDES - SOFIA BUITRON- MARCOS MOSQUERA- ANIBAL MARTINEZ- LUIS ALBERTO MANRIQUE', 0, 0, 'AEROPUERTO SANTIAGO ', 24, '', '', '', 2, 8, 13, '0', 2, '2015-02-27', '20:57:00'),
(93, 36, 2, '2015-02-28', '2015-02-09', '15:42:00', '12:00:00', '00:00:00', 'HOTEL MARINA DEL REY', 47, 6, 'SANTIAGO MEJIA, LUIS FELIPE VALENCIA- FEDERICO GONZALEZ -ALEJANDRO CALDERON- JUAN PABLO SAGAL- IVONNE MERIANO', 0, 0, 'AEROPUERTO SANTIAGO', 24, '', '', '', 2, 8, 13, '0', 2, '2015-02-27', '20:58:00'),
(94, 37, 2, '2015-02-28', '2015-02-09', '15:44:00', '12:00:00', '00:00:00', 'HOTEL MARINA DEL REY', 47, 1, 'CARLOS UPEGUI', 0, 0, 'AEROPUERTO SANTIAGO ', 24, '', '', '', 2, 8, 13, '0', 2, '2015-02-27', '20:58:00'),
(95, 38, 2, '2015-02-28', '2015-02-09', '15:45:00', '12:00:00', '00:00:00', 'HOTEL MARINA DEL REY', 47, 3, 'BOBBY KIMBALL, TOMMY DENANDER - DIEGO VEGA', 0, 0, 'AEROPUERTO SANTIAGO', 24, '', '', '', 2, 8, 13, '0', 2, '2015-02-27', '20:58:00'),
(96, 39, 2, '2015-02-28', '2015-02-09', '15:47:00', '05:00:00', '00:00:00', 'HOTEL SHERATON MIRAMAR', 47, 2, 'MARIA ALEJANDRA REQUENA, KEREN WILLET', 0, 0, 'AEROPUERTO SANTIAGO', 24, 'LAN 504', '', '', 2, 8, 13, '0', 2, '2015-02-27', '20:58:00'),
(97, 40, 2, '2015-02-28', '2015-02-09', '15:49:00', '08:00:00', '00:00:00', 'HOTEL SHERATON MIRAMAR', 47, 2, 'PEDRO AZNAR, COSME DE OLIVEIRA ', 0, 0, 'AEROPUERTO SANTIAGO', 24, 'SKY 507', '', '', 2, 9, 13, '0', 2, '2015-02-27', '20:58:00'),
(98, 41, 2, '2015-02-28', '2015-02-09', '17:16:00', '10:00:00', '00:00:00', 'HOTEL MARINA DEL REY', 47, 5, 'RICARDO DI MARIA , OSCAR PUEBLA- PABLO QUIROGA- ANIBAL FERNANDO MARTINEZ- JOSE ALBERTO ROMERO', 0, 0, 'AEROPUERTO SANTIAGO ', 24, 'la 09323', '', '', 2, 8, 13, '0', 2, '2015-02-27', '20:59:00'),
(99, 42, 2, '2015-02-28', '2015-02-09', '17:18:00', '12:00:00', '00:00:00', 'HOTEL MARINA DEL REY', 47, 5, 'JUAN JAVIER VALDEZ, NELSON GUITIERREZ- JOSE MONTANO- NORMAN HEREDIA- CESAR REQUENA', 0, 0, 'AEROPUERTO SANTIAGO', 24, 'LAN 2632', '', '', 2, 8, 13, '0', 2, '2015-02-27', '20:59:00'),
(100, 43, 2, '2015-02-28', '2015-02-09', '17:20:00', '12:00:00', '00:00:00', 'HOTEL MARINA DEL REY', 47, 1, 'JULIO DIAZ', 0, 0, 'AEROPUERTO SANTIAGO', 24, 'LAN 2632', '', '', 2, 9, 13, '0', 2, '2015-02-27', '20:59:00'),
(101, 33, 2, '2015-02-28', '2015-02-09', '15:37:00', '12:00:00', '00:00:00', 'HOTEL MARINA DEL REY', 47, 2, 'CHRISTINA HIDALGO MAZZEI, MARCO CASTILLO', 0, 0, 'AEROPUERTO SANTIAGO', 24, '', '', '', 2, 9, 13, '0', 2, '2015-02-27', '21:00:00'),
(102, 34, 2, '2015-02-28', '2015-02-09', '15:40:00', '12:00:00', '00:00:00', 'HOTEL MARINA DEL REY', 47, 2, 'LON NUIC, ANTE NUIC', 0, 0, 'AEROPUERTO SANTIAGO', 24, '', '', '', 2, 8, 13, '0', 2, '2015-02-27', '21:00:00'),
(103, 44, 2, '2015-02-28', '2015-02-09', '17:21:00', '11:30:00', '00:00:00', 'HOTEL MARINA DEL REY', 47, 2, 'MARIA LAURA CARATI, LORENA CORVALAN', 0, 0, 'AEROPUERTO SANTIAGO ', 24, 'LAN 443', '', '', 2, 9, 13, '0', 2, '2015-02-27', '21:00:00'),
(104, 45, 2, '2015-02-28', '2015-02-09', '17:22:00', '13:00:00', '00:00:00', 'HOTEL MARINA DEL REY', 47, 1, 'CRISTIAN ORELLANO', 0, 0, 'AEROPUERTO SANTIAGO', 24, 'LAN 186', '', '', 2, 9, 13, '0', 2, '2015-02-27', '21:00:00'),
(105, 46, 2, '2015-02-28', '2015-02-09', '17:25:00', '14:30:00', '00:00:00', 'HOTEL MARINA DEL REY', 47, 2, 'MICHELE CORTESE, CECILIA BRAVO', 0, 0, 'AEROPUERTO SANTIAGO', 24, 'LAN 704', '', '', 2, 9, 13, '0', 2, '2015-02-27', '21:01:00'),
(106, 623, 180, '2015-02-28', '2015-02-27', '23:02:00', '15:00:00', '00:00:00', 'HOTEL SAN MARTIN', 47, 1, 'RAUL FLORES', 0, 82940905, 'ALMIRANTE GRAU 070 ', 23, '', '', '', 5, 9, 13, '0', 180, '2015-02-27', '23:10:00'),
(107, 313, 181, '2015-02-28', '2015-02-23', '11:54:00', '06:45:00', '00:00:00', 'HOTEL O HIGGINS', 47, 7, 'TRAMOYA, GC Y UTILEROS, IGNACIO URRUTIA', 0, 65995904, 'HOTEL SHERATON MIRAMAR', 47, '', '', '', 17, 9, 13, '45', 2, '2015-02-27', '23:35:00'),
(108, 314, 181, '2015-02-28', '2015-02-23', '12:01:00', '06:45:00', '00:00:00', 'HOTEL O HIGGINS', 47, 12, 'AUDIO, MAQUILLAJE, PELUQUERIA Y VESTUARIO, IGNACIO URRUTIA', 0, 65995904, 'HOTEL SHERATON MIRAMAR', 47, '', '', '', 17, 8, 13, '53', 2, '2015-02-27', '23:35:00'),
(109, 328, 181, '2015-02-28', '2015-02-23', '12:49:00', '06:45:00', '00:00:00', 'HOTEL MARINA DEL REY', 47, 12, 'ILUMINACION, CAMARA Y CONTROL VIDEO, IGNACIO URRUTIA', 0, 65995904, 'HOTEL SHERATON MIRAMAR', 47, '', '', '', 17, 8, 13, '149', 2, '2015-02-27', '23:36:00'),
(110, 335, 181, '2015-02-28', '2015-02-23', '13:31:00', '07:30:00', '00:00:00', 'HOTEL SAN MARTIN', 47, 1, 'JONY NAVARRETE', 0, 75047898, 'PARADERO 6 AGUA SANTA,ANTENA CHV', 47, '', '', '', 17, 9, 13, '0', 2, '2015-02-27', '23:40:00'),
(111, 569, 2, '2015-02-28', '2015-02-27', '00:17:00', '13:00:00', '00:00:00', 'HOTEL GALA', 47, 8, 'CLAUDIO SANCHES', 0, 0, '8 NORTE 65', 47, '', '', '', 17, 9, 13, '38', 2, '2015-02-28', '00:10:00'),
(112, 653, 2, '2015-03-01', '2015-02-28', '13:48:00', '12:00:00', '00:00:00', 'HOTEL MARINA DEL REY', 47, 1, 'PABLO VERDUGO', 0, 82764923, 'INéS MATTE URREJOLA 0890', 23, '', '', '', 5, 9, 13, '25', 2, '2015-03-01', '14:57:00'),
(113, 420, 2, '2015-02-24', '2015-02-23', '18:42:00', '03:00:00', '00:00:00', 'AEROPUERTO SANTIAGO', 24, 0, 'CARGA, CARGA ALEJANDRO FERNANDEZ', 0, 0, 'QUINTA VERGARA', 47, '', '', '', 3, 22, 13, '152', 2, '2015-03-05', '15:05:00'),
(114, 541, 2, '2015-02-26', '2015-02-26', '12:48:00', '14:30:00', '00:00:00', 'HOTEL SHERATON MIRAMAR', 47, 2, 'CARGA CULTURA PROFETICA', 0, 0, 'AEROPUERTO SANTIAGO', 24, '', '', '', 2, 12, 13, '121', 2, '2015-03-05', '15:16:00'),
(115, 539, 2, '2015-02-26', '2015-02-26', '12:48:00', '14:30:00', '00:00:00', 'HOTEL SHERATON MIRAMAR', 47, 2, 'CARGA CULTURA PROFETICA', 0, 0, 'AEROPUERTO SANTIAGO', 24, '', '', '', 2, 12, 13, '121', 2, '2015-03-05', '15:18:00'),
(116, 671, 2, '2015-02-23', '2015-03-05', '16:00:00', '09:50:00', '00:00:00', 'AEROPUERTO SANTIAGO', 24, 9, 'STAFF PARTY A CARTS STEVENS ', 0, 0, 'HOTEL HUATT', 1, '', '', '', 20, 8, 13, '84', 2, '2015-03-05', '16:33:00'),
(117, 675, 2, '2015-02-23', '2015-03-05', '16:06:00', '09:50:00', '00:00:00', 'AEROPUERTO SANTIAGO', 24, 9, 'STAFF PARTY B CARTS STEVENS ', 0, 0, 'HOTEL HYATT', 1, 'IB 833', '', '', 20, 8, 13, '105', 2, '2015-03-05', '16:40:00'),
(118, 677, 2, '2015-02-23', '2015-03-05', '16:08:00', '12:00:00', '22:00:00', 'HOTEL HYATT', 1, 9, 'STAFF PARTY B CARTS STEVENS ', 0, 0, 'DISPOSICION', 1, '', '', '', 10, 8, 13, '85', 2, '2015-03-05', '16:40:00'),
(119, 678, 2, '2015-02-23', '2015-03-05', '16:08:00', '12:00:00', '22:00:00', 'HOTEL HYATT', 1, 9, 'STAFF PARTY B CARTS STEVENS ', 0, 0, 'DISPOSICION', 1, '', '', '', 10, 8, 13, '85', 2, '2015-03-05', '16:40:00'),
(120, 669, 2, '2015-02-25', '2015-03-05', '15:50:00', '09:30:00', '00:00:00', 'HOTEL DIEGO DE ALMAGRO', 47, 40, 'STAFF LUIS FONSI', 0, 0, 'AEROPUERTO SANTIAGO', 24, '', '', '', 2, 16, 13, '123', 2, '2015-03-06', '12:58:00'),
(121, 482, 2, '2015-02-25', '2015-02-25', '00:40:00', '16:00:00', '00:00:00', 'AEROPUERTO SANTIAGO', 24, 3, 'ROMEO SANTOS', 0, 0, 'HOTEL SHERATON MIRAMAR', 47, '', '', '', 3, 20, 13, '101', 2, '2015-03-06', '15:23:00'),
(122, 353, 2, '2015-02-23', '2015-02-23', '16:14:00', '09:50:00', '00:00:00', 'AEROPUERTO SANTIAGO', 24, 12, 'CATS STEVEN PARTY A', 0, 0, 'HOTEL HAYTT', 1, '', '', '', 20, 8, 13, '85', 2, '2015-03-06', '15:52:00'),
(123, 422, 2, '2015-02-23', '2015-02-23', '21:17:00', '09:50:00', '00:00:00', 'AEROPUERTO SANTIAGO', 24, 10, 'STAFF CATS STEVEN A', 0, 0, 'HOTEL NOI', 32, 'IB 6833', '', '', 20, 8, 13, '84', 2, '2015-03-06', '15:52:00'),
(124, 393, 2, '2015-02-24', '2015-02-23', '17:49:00', '11:40:00', '00:00:00', 'AEROPUERTO SANTIAGO', 24, 2, 'YUSSUF ', 0, 0, 'HOTEL HAYTT', 1, '', '', '', 20, 20, 13, '133', 2, '2015-03-06', '15:54:00'),
(125, 452, 2, '2015-02-24', '2015-02-24', '17:19:00', '18:00:00', '00:00:00', 'HOTEL SHERATON MIRAMAR', 47, 4, 'REIK ARTISTA', 0, 0, 'AEROPUERTO SANTIAGO', 24, '', '', '', 2, 8, 13, '80', 2, '2015-03-09', '14:30:00'),
(126, 241, 2, '2015-02-22', '2015-02-22', '00:05:00', '06:50:00', '00:00:00', 'AEROPUERTO SANTIAGO', 24, 25, 'GRUPO REIK, STAFF GRUPO REIK', 0, 0, 'HOTEL DIEGO DE ALMAGRO', 47, 'LAN 621', '', '', 3, 15, 13, '48', 2, '2015-03-09', '14:36:00'),
(127, 242, 2, '2015-02-22', '2015-02-22', '00:05:00', '06:50:00', '00:00:00', 'AEROPUERTO SANTIAGO', 24, 25, 'GRUPO REIK, STAFF GRUPO REIK', 0, 0, 'HOTEL DIEGO DE ALMAGRO', 47, 'LAN 621', '', '', 3, 15, 13, '146', 2, '2015-03-09', '14:36:00'),
(128, 656, 2, '2015-02-28', '2015-02-28', '16:22:00', '20:00:00', '00:00:00', 'HOTEL ENJOY', 47, 2, 'PABLO GALVEZ', 0, 0, 'DOMICILIO', 17, '', '', '', 5, 8, 13, '', 2, '2015-03-11', '16:22:00'),
(129, 726, 1, '2015-02-04', '2015-02-04', '18:10:00', '22:00:00', '00:00:00', 'HOTEL MARINA DEL REY', 47, 0, 'CARGA', 0, 0, 'HOTEL SHERATON', 47, '', '', '', 9, 8, 0, '0', 1, '2015-12-30', '22:59:00'),
(130, 726, 1, '2015-02-04', '2015-02-04', '18:17:00', '19:00:00', '00:00:00', 'HOTEL SHERATON', 47, 0, 'CARGA', 0, 0, 'HOTEL O HIGGINS', 47, '', '', '', 0, 6, 0, '0', 1, '2015-12-30', '23:00:00'),
(132, 726, 1, '2015-02-04', '2015-02-04', '18:56:00', '22:00:00', '00:00:00', 'HOTEL SHERATON', 47, 0, 'CARGA', 0, 0, 'HOTEL MARINA DEL REY', 47, '', '', '', 0, 9, 0, '0', 1, '2015-12-31', '01:08:00');

-- --------------------------------------------------------

--
-- Estructura de tabla para la tabla `vin_servicio`
--

CREATE TABLE IF NOT EXISTS `vin_servicio` (
  `id_servicio` int(11) NOT NULL,
  `id_user` int(11) NOT NULL,
  `centrocosto` int(11) NOT NULL,
  `fecha` date NOT NULL,
  `fecha_emision` date NOT NULL,
  `hora_emision` time NOT NULL,
  `hora_ini` time NOT NULL,
  `hora_ter` time DEFAULT NULL,
  `lugar_presentacion` varchar(255) NOT NULL,
  `comuna1` int(11) NOT NULL,
  `pasajeros` int(11) NOT NULL,
  `pasajero_principal` varchar(50) NOT NULL,
  `telefono` int(11) DEFAULT NULL,
  `celular` int(11) DEFAULT NULL,
  `lugar_destino` varchar(255) NOT NULL,
  `comuna2` int(11) NOT NULL,
  `vuelo_in` varchar(255) DEFAULT NULL,
  `vuelo_out` varchar(255) DEFAULT NULL,
  `referencias` text,
  `tipo_servicio` int(11) NOT NULL,
  `tipo_vehiculo` int(11) NOT NULL,
  `nro_movil` varchar(15) DEFAULT '0',
  `cobro` int(11) NOT NULL DEFAULT '0',
  `poll_adicional` tinyint(1) DEFAULT '0',
  `artista` varchar(255) DEFAULT NULL,
  `extra` tinyint(1) DEFAULT '0',
  PRIMARY KEY (`id_servicio`)
) ENGINE=InnoDB DEFAULT CHARSET=latin1;

--
-- Volcado de datos para la tabla `vin_servicio`
--

INSERT INTO `vin_servicio` (`id_servicio`, `id_user`, `centrocosto`, `fecha`, `fecha_emision`, `hora_emision`, `hora_ini`, `hora_ter`, `lugar_presentacion`, `comuna1`, `pasajeros`, `pasajero_principal`, `telefono`, `celular`, `lugar_destino`, `comuna2`, `vuelo_in`, `vuelo_out`, `referencias`, `tipo_servicio`, `tipo_vehiculo`, `nro_movil`, `cobro`, `poll_adicional`, `artista`, `extra`) VALUES
(2, 180, 13, '2015-02-02', '2015-01-31', '17:31:00', '09:00:00', NULL, 'INéS MATTE URREJOLA 0890', 23, 2, 'ANDRES MELLADO, NICOLÁS LOBOS', 0, 0, 'HOTEL GALA', 47, '', '', '', 4, 9, '81', 110000, 0, 'SATELITE', 1),
(3, 2, 13, '2015-02-02', '2015-02-02', '16:49:00', '10:30:00', NULL, 'ANTUMALAL 573', 26, 0, 'CARGA, CLAUIDO RIOSECO', 0, 92893146, 'QUINTA VERGARA', 47, '', '', '', 4, 6, '71', 235000, 0, 'INGENERIA ', 1),
(4, 2, 13, '2015-02-15', '2015-02-03', '15:54:00', '08:25:00', NULL, 'AEROPUETO SANTIAGO', 24, 2, 'LORI NUIC, ANITA NUIC ', 0, 0, 'HOTEL MARINA DEL REY', 47, 'LAN 533', '', '', 3, 8, '84', 0, 1, 'COMPETENCIA INTERNACIONAL CANADA ', 0),
(5, 2, 13, '2015-02-15', '2015-02-03', '15:54:00', '08:25:00', NULL, 'AEROPUETO SANTIAGO', 24, 1, 'MARCO CASTILLO ', 0, 0, 'HOTEL MARINA DEL REY', 47, 'LAN 533', '', 'VIAJAN JUNTO CANADA', 3, 8, '84', 0, 1, 'COMPETENCIA FOLKLORICA BRASIL ', 0),
(6, 2, 13, '2015-02-16', '2015-02-03', '16:39:00', '09:40:00', NULL, 'AEROPUETO SANTIAGO', 24, 2, 'MICHELE CORTESE, CECILIA BRAVO', 0, 0, 'HOTEL MARINA DEL REY', 47, 'LAN 705', '', '', 3, 8, '85', 0, 1, 'COMPETENCIA INTERNACIONAL ITALIA', 0),
(7, 2, 13, '2015-02-15', '2015-02-03', '17:31:00', '11:20:00', NULL, 'AEROPUETO SANTIAGO', 24, 1, 'CRISTIAN ORELLANA', 0, 0, 'HOTEL MARINA DEL REY', 47, 'LAN 189', '', '', 3, 9, '77', 0, 1, 'COMPETENCIA FOLK BOLIVIA', 0),
(8, 2, 13, '2015-02-16', '2015-02-03', '17:36:00', '12:05:00', NULL, 'AEROPUETO SANTIAGO', 24, 1, 'CRISTIAN HIDALGO MAZZEI', 0, 0, 'HOTEL MARINA DEL REY', 47, 'AC 092', '', '', 3, 9, '18', 0, 1, 'COMPETENCIA FOLK BRASIL', 0),
(9, 2, 13, '2015-02-15', '2015-02-03', '17:38:00', '13:30:00', NULL, 'AEROPUETO SANTIAGO', 24, 2, 'MARIA LUARA CARATI, LORENA CORVALAN', 0, 0, 'HOTEL MARINA DEL REY', 47, 'LAN 450', '', '', 3, 8, '83', 0, 1, 'COMPETENCIA INTERNACIONAL ARGENTINA', 0),
(10, 2, 13, '2015-02-15', '2015-02-04', '10:48:00', '14:35:00', NULL, 'AEROPUETO SANTIAGO', 24, 6, 'ALEJANDRO RAMINREZ, ARTURO BENEVIDES - SOFIA BUITR', 0, 0, 'HOTEL MARINA DEL REY', 47, 'LAN 2635', '', '', 3, 8, '84', 0, 1, 'COMPETENCIA FOLK PERU', 0),
(11, 2, 13, '2015-02-15', '2015-02-04', '10:51:00', '22:15:00', NULL, 'AEROPUETO SANTIAGO', 24, 5, 'JUAN JAVIER VALDEZ, NELSON GUITIERREZ- JOSE MONTAN', 0, 0, 'HOTEL MARINA DEL REY', 47, 'LAN 0969', '', '', 3, 8, '83', 0, 1, 'COMPETENCIA FOLK BOLIVIA', 0),
(12, 2, 13, '2015-02-15', '2015-02-04', '10:55:00', '15:35:00', NULL, 'AEROPUETO SANTIAGO', 24, 5, 'RICARDO DI MARIA , OSCAR PUEBLA- PABLO QUIROGA- AN', 0, 0, 'HOTEL MARINA DEL REY', 47, 'LAN 935', '', '', 3, 8, '53', 0, 1, 'COMPETENCIA FOLK ARGENTINA ', 0),
(13, 2, 13, '2015-02-15', '2015-02-04', '10:58:00', '23:15:00', NULL, 'AEROPUETO SANTIAGO', 24, 6, 'SANTIAGO MEJIA, LUIS FELIPE VALENCIA- FEDERICO GON', 0, 0, 'HOTEL MARINA DEL REY', 47, 'LAN 575', '', '', 3, 8, '84', 0, 1, 'COMPETENCIA FOLK COLOMBIA', 0),
(14, 2, 13, '2015-02-15', '2015-02-04', '11:00:00', '23:15:00', NULL, 'AEROPUETO SANTIAGO', 24, 2, 'JULIO DIAZ, CARLOS UPEGUI', 0, 0, 'HOTEL MARINA DEL REY', 47, 'LAN 575', '', '', 3, 8, '84', 0, 1, 'COMPETENCIA INTERNACIONAL COLOMBIA', 0),
(15, 2, 13, '2015-02-03', '2015-02-04', '11:04:00', '10:30:00', NULL, 'MACHAZA', 7, 0, 'CARGA, PABLO VENEGAS ', 0, 56492821, 'QUINTA VERGARA', 47, '', '', '', 4, 14, '73', 380000, 0, 'PRODUCCION ', 1),
(18, 180, 13, '2015-02-09', '2015-02-05', '11:02:00', '10:00:00', '16:00:00', 'AMERICO VESPUCIO 0655,STEWARD', 13, 0, 'CARGA, PABLO VENEGAS', NULL, 56492821, 'QUINTA VERGARA', 47, '', '', 'FAVOR ENVIAR DATOS DE PATENTE DEL CAMIóN A LA BREVEDAD.', 4, 14, '72', 380000, 0, 'CAMARINES', 1),
(19, 180, 13, '2015-02-09', '2015-02-05', '11:26:00', '10:00:00', '16:00:00', 'AMERICO VESPUCIO 0655,STEWARD', 13, 0, 'CARGA, PABLO VENEGAS', NULL, 56492821, 'QUINTA VERGARA', 47, '', '', 'FAVOR ENVIAR DATOS DE PATENTE A LA BREVEDAD.', 4, 14, '71', 380000, 0, 'CAMARINES', 1),
(20, 180, 13, '2015-02-09', '2015-02-05', '11:27:00', '10:00:00', '16:00:00', 'AMERICO VESPUCIO 0655,STEWARD', 13, 0, 'CARGA, PABLO VENEGAS', NULL, 56492821, 'QUINTA VERGARA', 47, '', '', 'FAVOR ENVIAR DATOS DE PATENTE A LA BREVEDAD.', 4, 14, '73', 380000, 0, 'CAMARINES', 1),
(22, 2, 13, '2015-02-20', '2015-02-05', '11:46:00', '03:50:00', NULL, 'AEROPUERTO SANTIAGO', 24, 2, 'OSCAR LEON, OSVALADO PONCE', 0, 0, 'HOTEL SHERATON MIRAMAR', 47, 'AV 625', '', '', 3, 19, '107', 0, 1, 'JURADO ', 0),
(23, 2, 13, '2015-02-20', '2015-02-05', '11:48:00', '07:15:00', NULL, 'AEROPUERTO SANTIAGO', 24, 2, 'MARIA ALEJANDRA REQUENA, KAREN WILLET', 0, 0, 'HOTEL SHERATON MIRAMAR', 47, 'LAN 501', '', '', 3, 9, '119', 0, 1, 'JURADO ', 0),
(25, 2, 13, '2015-02-20', '2015-02-05', '11:49:00', '12:30:00', NULL, 'AEROPUERTO SANTIAGO', 24, 2, 'PEDRO AZNAR, COSME DE OLIVEIRA ', 0, 0, 'HOTEL SHERATON MIRAMAR', 47, 'SKY  502', '', '', 3, 20, '101', 0, 1, 'JURADO ', 0),
(26, 180, 13, '2015-02-06', '2015-02-05', '13:29:00', '08:00:00', '18:00:00', 'INéS MATTE URREJOLA 0890', 23, 1, 'CARGA, PABLO VENEGAS', NULL, 56492821, 'QUINTA VERGARA', 47, '', '', 'FAVOR ENVIAR DATOS DE PATENTE A LA BREVEDAD.', 4, 14, '72', 380000, 0, 'CAMARINES', 1),
(27, 180, 13, '2015-02-12', '2015-02-05', '18:03:00', '14:00:00', '18:00:00', 'INéS MATTE URREJOLA 0890', 23, 25, 'JONATHAN NUñEZ, STAFF PRDUCCION VIÑA ', NULL, 76010130, 'HOTEL GALA', 47, '', '', '', 4, 16, '0', 350000, 0, 'EQUIPO PRODUCCION', 1),
(28, 180, 13, '2015-02-15', '2015-02-05', '18:05:00', '15:00:00', '18:00:00', 'INéS MATTE URREJOLA 0890', 23, 27, 'OSVALDO MONTIEL', NULL, 71402130, 'HOTEL O HIGGINS', 47, '', '', '', 4, 16, '0', 350000, 0, 'BAILARINES', 1),
(29, 180, 13, '2015-02-11', '2015-02-05', '18:08:00', '11:00:00', '16:00:00', 'INéS MATTE URREJOLA 0890', 23, 0, 'CARGA', NULL, 76170130, 'HOTEL GALA', 47, '', '', '', 4, 13, '72', 325000, 0, 'PRODUCCION', 1),
(30, 180, 13, '2015-02-09', '2015-02-06', '15:31:00', '09:00:00', '18:00:00', 'INéS MATTE URREJOLA 0890', 23, 0, 'CARGA, PABLO VENEGAS', NULL, 56492821, 'QUINTA VERGARA', 47, '', '', '', 4, 14, '93', 380000, 0, 'CAMARINES', 1),
(31, 2, 13, '2015-02-21', '2015-02-09', '15:18:00', '05:30:00', NULL, 'AEROPUERTO SANTIAGO', 24, 1, 'STAFF YANDEL', 0, 0, 'HOTEL SHERATON MIRAMAR', 47, 'lan 621', '', '', 3, 9, '128', 110000, 0, 'YANDEL', 1),
(32, 2, 13, '2015-02-28', '2015-02-09', '15:36:00', '02:00:00', NULL, 'HOTEL SHERATON MIRAMAR', 47, 2, 'OSCAR LEON', NULL, 0, 'AEROPUERTO SANTIAGO', 24, 'AV 624', '07:30', 'SALIDA DE VINA 02:00 DE QUINTA \r\nCONDUCTOR  DEJA AUTO EN CONCECIONARIO ', 3, 19, '116', 0, 1, 'JURADO ', 0),
(52, 2, 13, '2015-02-23', '2015-02-10', '15:04:00', '10:10:00', NULL, 'AEROPUERTO SANTIAGO', 24, 1, 'GABY MORENO', NULL, 0, 'HOTEL DIEGO DE ALMAGRO', 45, 'UA 847', '', '', 3, 19, '107', 0, 1, 'RICARDO ARJONA ', 0),
(54, 2, 13, '2015-02-24', '2015-02-10', '15:07:00', '09:00:00', NULL, 'HOTEL DIEGO DE ALMAGRO', 45, 1, 'DAMINA FONTAN', NULL, 0, 'AEROPUERTO SANTIAGO', 24, 'CM 112', '', '', 2, 9, '107', 0, 1, 'RICARDO ARJONA ', 0),
(55, 2, 13, '2015-02-24', '2015-02-10', '15:09:00', '10:00:00', NULL, 'HOTEL DIEGO DE ALMAGRO', 45, 1, 'GABY MORENO', NULL, 0, 'AEROPUERTO SANTIAGO', 24, 'UA 846', '', '', 2, 9, '101', 110000, 0, 'RICARDO ARJONA ', 1),
(59, 2, 13, '2015-02-24', '2015-02-10', '15:10:00', '20:30:00', NULL, 'HOTEL DIEGO DE ALMAGRO', 45, 40, 'SATFF RICARDO ARJONA ', NULL, 0, 'AEROPUERTO SANTIAGO', 24, 'CM 276', '', '', 2, 16, '123', 0, 1, 'RICARDO ARJONA ', 0),
(60, 2, 13, '2015-02-16', '2015-02-12', '15:13:00', '19:20:00', NULL, 'AEROPUERTO SANTIAGO', 24, 10, 'LUIS BOMUCCELLI, PABLO FERELL- GIPONNI- ROJAS- WOL', NULL, 0, 'HOTEL O HIGGINS', 47, '', '', '', 3, 8, '83', 0, 1, 'COMPETENCIA FOLK BOLIVIA', 0),
(61, 180, 13, '2015-02-13', '2015-02-13', '09:56:00', '23:30:00', '04:30:00', 'HOTEL GALA', 47, 12, 'CRISTIAN FUENTES', NULL, 77974391, 'VARIOS', 47, '', '', 'VAN PARA GRABACIóN HUMORISTA.', 16, 8, '37', 150000, 0, 'PRODUCCION HUMOR', 1),
(62, 2, 13, '2015-02-13', '2015-02-13', '10:51:00', '11:00:00', NULL, 'HOTEL GALA', 47, 6, 'ENRIQUE ESPINOZA ', NULL, 84792974, 'INéS MATTE URREJOLA 0890', 23, '', '', '', 7, 9, '81', 125000, 0, 'PRODUCCION ', 1),
(63, 2, 13, '2015-02-13', '2015-02-13', '10:53:00', '10:00:00', '21:00:00', 'HOTEL GALA', 47, 6, 'STAFF PRODUCION  VIÑA', NULL, 0, 'QUINTA VERGARA', 47, '', '', '', 16, 9, '14', 100000, 0, 'PRODUCCION ', 1),
(64, 2, 13, '2015-02-13', '2015-02-13', '10:54:00', '10:00:00', '20:00:00', 'HOTEL GALA', 47, 6, 'STAFF PRODUCION  VIÑA', NULL, 0, 'QUINTA VERGARA', 47, '', '', '', 16, 8, '48', 150000, 0, 'PRODUCCION ', 1),
(65, 180, 13, '2015-02-14', '2015-02-13', '21:06:00', '08:00:00', '11:00:00', 'HOTEL GALA', 47, 1, 'MACARENA HONORATO', NULL, 99498403, 'MACUL', 20, '', '', '', 5, 9, '18', 110000, 0, 'PRODUCCION', 1),
(66, 180, 13, '2015-02-15', '2015-02-14', '11:29:00', '17:00:00', '20:00:00', 'LUZ 2906,DEPTO 121,EL GOLF', 1, 1, 'SERGIO ARIAS, VESTUARIOS', NULL, 93239865, 'HOTEL DEL MAR', 47, '', '', '', 4, 9, '80', 110000, 0, 'ANIMADORES', 1),
(67, 180, 13, '2015-02-15', '2015-02-14', '13:47:00', '15:00:00', '20:00:00', 'JUAN GUZMAN CRUCHAGA 3841', 20, 3, 'ELIZABETH MORRIS', NULL, 97172981, 'HOTEL O HIGGINS', 47, '', '', 'CALLE EX PAIPOTE MISMA NUMERACIóN ENTRE LUIS VALENZUELA Y VICENTE GUIDOBRO.\r\nRETIRA A DOS PASAJEROS MAS EN LA REINA (LONQUIMAI 452)Y ñUñOA (EXEQUIEL FERNANDEZ 279-A)', 4, 8, '85', 0, 0, 'COMPETENCIA', 1),
(68, 180, 13, '2015-02-16', '2015-02-14', '13:50:00', '11:00:00', '15:00:00', 'MANUEL MONTT 054', 23, 5, 'PABLO GALVEZ', NULL, 54072484, 'HOTEL DEL MAR,ENJOY', 47, '', '', '', 4, 9, '87', 0, 1, 'ANIMADORES', 0),
(69, 180, 13, '2015-02-16', '2015-02-14', '13:53:00', '15:00:00', '20:00:00', 'CAMINO LA HUALTATAS 5101,CONDOMINIO LOS FRAILES', 17, 5, 'PABLO GALVEZ', NULL, 54072484, 'HOTEL DEL MAR,ENJOY', 47, '', '', 'STAFF CAROLINA DE MORAS + EQUIPAJES Y MALETAS DE TRABAJO.', 4, 8, '85', 125000, 0, 'ANIMADORES', 1),
(70, 2, 13, '2015-02-14', '2015-02-14', '17:36:00', '20:00:00', '05:00:00', 'HOTEL GALA', 47, 4, 'PRODUCCION FESTIVAL', NULL, 0, 'DISPOSICION', 47, '', '', 'VAN OSCURA POLARIZADA', 16, 9, '76', 100000, 0, 'PRODUCCION FESTIVAL', 1),
(71, 2, 13, '2015-02-14', '2015-02-14', '17:37:00', '20:00:00', '05:00:00', 'HOTEL GALA', 47, 6, 'PRODUCCION FESTIVAL', NULL, 0, 'DISPOSICION', 47, '', '', 'VAN COLOR OSCURO POLARIZADA', 16, 9, '18', 100000, 0, 'PRODUCCION FESTIVAL', 1),
(72, 180, 13, '2015-02-15', '2015-02-14', '17:54:00', '11:00:00', '14:00:00', 'AV BRASIL CON LAS HERAS,PALACIO POLANCO', 45, 0, 'CARGA, VALLAS CARABINEROS', NULL, 98300180, 'HOTEL SHERATON MIRAMAR', 47, '', '', 'CONTACTAR CON GABRIELA TRUFFELLO', 13, 6, '166', 150000, 0, 'SATELITE', 1),
(73, 180, 13, '2015-02-16', '2015-02-14', '18:29:00', '10:30:00', '14:00:00', 'QUINTA VERGARA', 47, 6, 'GABRIELA TRUFFELLO, TRAMOYAS', NULL, 98300180, 'AV BRASIL CON LAS HERAS,PALACIO POLANCO', 45, '', '', 'LUEGO DE PALACIO POLANCO SE DIRIGE A SHERATON Y DE REGRESO A LA QUINTA.', 16, 9, '53', 100000, 0, 'SATELITE', 1),
(74, 2, 13, '2015-02-15', '2015-02-15', '11:33:00', '10:30:00', NULL, 'HOTEL MARINA DEL REY', 47, 0, 'CARGA, MACARENA MIRANDA', NULL, 79669777, 'DISPOSICION', 47, '', '', 'PARA CRAGA DE MUEBLES', 16, 6, '65', 235000, 0, 'PRODUCCION FESTIVAL', 1),
(75, 2, 13, '2015-02-14', '2015-02-15', '11:37:00', '10:00:00', '20:00:00', 'HOTEL GALA', 47, 6, 'STAFF PRODUCION  VIÑA', NULL, 0, 'DISPOSICION', 47, '', '', '', 16, 9, '14', 100000, 0, 'PRODUCCION FESTIVAL', 1),
(76, 2, 13, '2015-02-14', '2015-02-15', '11:39:00', '10:00:00', '20:00:00', 'HOTEL GALA', 47, 6, 'STAFF PRODUCION  VIÑA', NULL, 0, 'DISPOSICION', 47, '', '', '', 16, 8, '48', 150000, 0, 'PRODUCCION FESTIVAL', 1),
(77, 2, 13, '2015-02-15', '2015-02-15', '11:47:00', '10:00:00', '20:00:00', 'HOTEL GALA', 47, 6, 'STAFF PRODUCION  VIÑA', NULL, 0, 'DISPOSICION', 47, '', '', '', 16, 9, '14', 100000, 0, 'PRODUCCION FESTIVAL', 1),
(78, 2, 13, '2015-02-15', '2015-02-15', '11:49:00', '10:00:00', '20:00:00', 'HOTEL GALA', 47, 10, 'STAFF PRODUCION  VIÑA', NULL, 0, 'DISPOSICION', 47, '', '', '', 16, 8, '48', 150000, 0, 'PRODUCCION FESTIVAL', 1),
(79, 2, 13, '2015-02-16', '2015-02-15', '12:17:00', '09:30:00', '19:30:00', 'HOTEL GALA', 47, 6, 'STAFF PRODUCION  VIÑA', NULL, 0, 'DISPOSICION', 47, '', '', '', 10, 9, '2', 0, 1, 'PRODUCCION FESTIVAL', 0),
(80, 2, 13, '2015-02-16', '2015-02-15', '12:21:00', '09:30:00', '19:30:00', 'HOTEL GALA', 47, 6, 'STAFF PRODUCION  VIÑA', NULL, 0, 'DISPOSICION', 47, '', '', '', 10, 9, '37', 0, 1, 'PRODUCCION FESTIVAL', 0),
(81, 2, 13, '2015-02-16', '2015-02-15', '12:23:00', '09:30:00', '19:30:00', 'HOTEL GALA', 47, 10, 'STAFF PRODUCION  VIÑA', NULL, 0, 'DISPOSICION', 47, '', '', '', 16, 8, '48', 0, 1, 'PRODUCCION FESTIVAL', 0),
(82, 2, 13, '2015-02-15', '2015-02-15', '12:35:00', '11:00:00', '20:00:00', 'MANUEL MONTT 054', 23, 2, 'PABLO GALVEZ', NULL, 54072484, 'DISPOSICION', 7, '', '', '', 4, 9, '95', 110000, 0, 'PRODUCCION FESTIVAL', 1),
(83, 180, 13, '2015-02-16', '2015-02-15', '15:19:00', '10:00:00', '18:00:00', 'HOTEL GALA', 47, 1, 'PABLO VENEGAS', NULL, 56492821, 'POR DEFINIR', 7, '', '', '', 7, 12, '121', 140000, 0, 'CAMARINES', 1),
(85, 180, 13, '2015-02-16', '2015-02-15', '15:31:00', '14:00:00', NULL, 'DARDIGNAC 37 RECOLETA', 28, 5, 'ARTURO VARAS', NULL, 84101980, 'HOTEL O HIGGINS', 47, '', '', '', 4, 9, '83', 110000, 0, 'COMPETENCIAS ', 1),
(86, 180, 13, '2015-02-16', '2015-02-15', '15:34:00', '14:00:00', NULL, 'DARDIGNAC 37 RECOLETA', 28, 0, 'CARGA, ARTURO VARAS', NULL, 84101980, 'QUINTA VERGARA', 47, '', '', '', 4, 14, '72', 380000, 0, 'COMPETENCIA', 1),
(87, 2, 13, '2015-02-16', '2015-02-16', '11:06:00', '12:00:00', NULL, 'INéS MATTE URREJOLA 0890', 23, 0, 'CARGA, FERNANDO CLAVERO ', NULL, 84290297, 'QUINTA VERGARA', 47, '', '', '', 4, 6, '71', 235000, 0, 'INGENERIA ', 1),
(88, 180, 13, '2015-02-17', '2015-02-16', '14:17:00', '13:00:00', NULL, 'INéS MATTE URREJOLA 0890', 23, 23, 'MAURICIO POBLETE', NULL, 75383061, 'HOTEL MARINA DEL REY', 47, '', '', '', 4, 15, '146', 250000, 0, 'CAMAROGRAFOS', 1),
(89, 180, 13, '2015-02-17', '2015-02-16', '14:41:00', '18:00:00', NULL, 'LO ENCALADA 508', 22, 2, 'CLAUDIO SANCHES', NULL, 91715012, 'QUINTA VERGARA,POTRERILLOS', 47, '', '', 'CAMIóN QUEDA ESTACIONADO EN POTRERILLOS, HASTA EL DíA SIGUIENTE.', 4, 13, '72', 325000, 0, 'ORQUESTA', 1),
(91, 180, 13, '2015-02-18', '2015-02-17', '10:31:00', '09:30:00', NULL, 'SUAREZ MUJICA 1033', 22, 25, 'CLAUDIO SANCHES', NULL, 91715012, 'POR DEFINIR', 47, '', '', '', 4, 16, '97', 350000, 0, 'ORQUESTA', 1),
(92, 180, 13, '2015-02-18', '2015-02-17', '13:28:00', '14:30:00', NULL, 'GENERAL JOFRE 37', 7, 10, 'RONALD SAA', NULL, 73368271, 'A DEFINIR', 47, '', '', '', 4, 8, '83', 125000, 0, 'MAUILLADORES Y PELUQUEROS', 1),
(93, 180, 13, '2015-02-18', '2015-02-17', '13:40:00', '14:30:00', NULL, 'GENERAL JOFRE 37', 7, 0, 'CARGA, RONALD SAA', NULL, 73368271, 'A DEFINIR', 47, '', '', '', 4, 6, '71', 235000, 0, 'MAQUILLADORES Y PELUQUEROS', 1),
(94, 180, 202001, '2015-02-18', '2015-02-17', '13:49:00', '11:00:00', NULL, 'INéS MATTE URREJOLA 0890', 23, 2, 'LORENA BURGOS , NADIA FUENTES', NULL, 82595359, 'A DEFINIR', 47, '', '', '', 4, 9, '98', 110000, 0, 'COMERCIAL', 1),
(95, 180, 13, '2015-02-18', '2015-02-17', '17:19:00', '05:30:00', NULL, 'AEROPUERTO SANTIAGO', 24, 1, 'AIGIL GOMEZ', NULL, 93522530, 'HOTEL SHERATON MIRAMAR', 47, '5.39', '', '', 3, 9, '0', 110000, 0, 'HTV', 1),
(96, 180, 13, '2015-02-18', '2015-02-17', '18:55:00', '06:30:00', NULL, 'AEROPUERTO SANTIAGO', 24, 1, 'TAMARA VARGAS', NULL, 93522530, 'HOTEL SHERATON MIRAMAR', 47, 'LA 621', '', '', 3, 9, '0', 110000, 0, 'HTV', 1),
(97, 180, 13, '2015-02-18', '2015-02-17', '18:57:00', '22:00:00', NULL, 'AEROPUERTO SANTIAGO', 24, 1, 'JOSE MONTANO ', NULL, 93522530, 'HOTEL O HIGGINS', 47, 'LA 0969', '', '', 3, 9, '18', 0, 1, 'COMPETENCIA ', 0),
(98, 180, 13, '2015-02-18', '2015-02-18', '12:51:00', '17:00:00', NULL, 'HOTEL GALA', 47, 0, 'LEO CELIS', NULL, 65995891, 'QUINTA VERGARA', 47, '', '', '', 13, 12, '0', 0, 1, 'COMPETECIA', 0),
(99, 180, 13, '2015-02-18', '2015-02-18', '12:53:00', '20:00:00', '02:00:00', 'HOTEL O HIGGINS', 47, 15, 'COMPETENCIA', NULL, 76170130, 'QUINTA VERGARA', 47, '', '', '', 16, 8, '0', 0, 1, 'COMPETENCIA', 0),
(100, 180, 13, '2015-02-18', '2015-02-18', '12:57:00', '20:00:00', '02:00:00', 'HOTEL O HIGGINS', 47, 15, 'COMPETENCIA', NULL, 76170130, 'QUINTA VERGARA', 47, '', '', '', 16, 8, '0', 0, 1, 'COMPETENCIA', 0),
(101, 180, 13, '2015-02-18', '2015-02-18', '12:58:00', '20:00:00', '02:00:00', 'HOTEL O HIGGINS', 47, 15, 'COMPETENCIA', NULL, 76170130, 'QUINTA VERGARA', 47, '', '', '', 16, 8, '0', 0, 1, 'COMPETENCIA', 0),
(102, 2, 13, '2015-02-18', '2015-02-18', '13:43:00', '15:00:00', NULL, 'SOR URSULA SUAREZ 293', 1, 2, 'CLAUDIO MANSILLA ', NULL, 89058049, 'HOTEL ENJOY', 47, '', '', 'VESTUARIO CAROLINA MORAS', 4, 8, '99', 125000, 0, 'ANIMADORES', 1),
(103, 180, 13, '2015-02-19', '2015-02-18', '15:50:00', '07:00:00', NULL, 'AEROPUERTO SANTIAGO', 24, 1, 'BARBARA MOSOCO', NULL, 62525740, 'HOTEL DIEGO DE ALMAGRO', 45, 'AA225', '', '', 3, 9, '101', 110000, 0, 'LUIS FONSI (BAILARINA)', 1),
(104, 180, 13, '2015-02-19', '2015-02-18', '15:53:00', '10:00:00', NULL, 'INéS MATTE URREJOLA 0890', 23, 2, 'PAULINA ORTEGA, CRISTIAN BAUMANN', NULL, 64946297, 'HOTEL GALA', 47, '', '', 'TRAE ADEMAS UNA GUITARRA DE ORQUESTA.', 4, 9, '99', 110000, 0, 'ATACHES', 1),
(105, 180, 13, '2015-02-19', '2015-02-18', '16:19:00', '09:00:00', NULL, 'INéS MATTE URREJOLA 0890', 23, 8, 'JAVIER ORMEñO', NULL, 77744312, 'HOTEL O HIGGINS', 47, '', '', '', 4, 8, '83', 125000, 0, 'OBERTURA', 1),
(106, 180, 13, '2015-02-18', '2015-02-18', '17:47:00', '21:00:00', NULL, 'HOTEL SHERATON MIRAMAR', 47, 1, 'JAVIER GOLDSMITH', NULL, 92125208, 'QUINTA VERGARA', 47, '', '', '', 8, 19, '100', 0, 1, 'GERENTE', 0),
(107, 180, 803005, '2015-02-19', '2015-02-18', '19:22:00', '08:00:00', '11:30:00', 'INéS MATTE URREJOLA 0890', 23, 3, 'ANA ARRIAGADA', NULL, 85765700, 'HOTEL SHERATON MIRAMAR', 47, '', '', 'CENTRO DE COSTO 8-03-003 (NUEVOS NEGOCIOS)', 4, 9, '84', 110000, 0, 'INTERNET CENTRO DE COSTO 8-03-003 (NUEVOS NEGOCIOS)', 1),
(108, 180, 13, '2015-02-19', '2015-02-18', '20:25:00', '11:30:00', '18:30:00', 'HOTEL GALA', 47, 4, 'PAULINA GUTIERREZ', NULL, 91586699, 'A DEF.', 47, '', '', '', 13, 9, '0', 0, 1, 'ANIMADORES', 0),
(109, 2, 13, '2015-02-19', '2015-02-18', '22:16:00', '10:00:00', NULL, 'AMERICO VESPUCIO 0655,STEWARD', 13, 1, 'MITZY SALDIVAR', NULL, 0, 'INéS MATTE URREJOLA 0890', 23, '', '', '', 4, 12, '121', 125000, 0, 'CAMARINES', 1),
(111, 2, 13, '2015-02-20', '2015-02-19', '10:00:00', '13:10:00', NULL, 'AEROPUERTO SANTIAGO', 24, 1, 'DAMIAN FOTAN', NULL, 0, 'HOTEL DIEGO DE ALMAGRO', 45, 'AA 2284', '', '', 3, 9, '101', 110000, 0, 'LUIS FONSI', 1),
(112, 2, 13, '2015-02-20', '2015-02-19', '10:10:00', '10:00:00', NULL, 'INéS MATTE URREJOLA 0890', 23, 3, 'CARLOS LOPEZ, DANNY MOYA - PIPO SUAREZ', NULL, 0, 'HOTEL GALA', 47, '', '', '', 4, 9, '', 110000, 0, 'ATACHES', 1),
(113, 180, 13, '2015-02-19', '2015-02-19', '11:35:00', '16:00:00', NULL, 'MERCED 349,DEPTO 307', 7, 1, 'ANDRES CANIULEFF', NULL, 98181357, 'HOTEL SHERATON MIRAMAR', 47, '', '', '', 4, 9, '118', 110000, 0, 'ANIMADORES', 1),
(114, 180, 13, '2015-02-20', '2015-02-19', '13:25:00', '00:30:00', NULL, 'QUINTA VERGARA', 47, 40, 'LEO CELIS', NULL, 65995891, 'CON CON', 0, '', '', '', 9, 16, '124', 120000, 1, 'COMPETENCIA', 0),
(115, 180, 13, '2015-02-20', '2015-02-19', '13:31:00', '00:30:00', NULL, 'QUINTA VERGARA', 47, 40, 'LEO CELIS', NULL, 65995891, 'CON CON', 0, '', '', '', 9, 16, '123', 120000, 1, 'COMPETENCIA', 0),
(116, 181, 13, '2015-02-19', '2015-02-19', '14:19:00', '19:20:00', '22:00:00', 'HOTEL GALA', 47, 4, 'PAULINA GUTIERREZ, CAROLINA MESTROVIC; ANDRES CANI', NULL, 91586699, 'A DEFINIR', 47, '', '', '', 13, 19, '109', 0, 1, 'ANIMADORES', 0),
(117, 181, 13, '2015-02-19', '2015-02-19', '14:22:00', '19:00:00', '01:00:00', 'HOTEL O HIGGINS', 47, 15, 'GONZALO CAMPOS', NULL, 98726071, 'HOTEL DEL MAR,ENJOY', 47, '', '', 'TRASLADO PARA 50 PERSONAS HACIA ENJOY', 16, 8, '0', 0, 1, 'COMPETENCIA', 0),
(118, 181, 13, '2015-02-19', '2015-02-19', '14:25:00', '19:00:00', '01:00:00', 'HOTEL O HIGGINS', 47, 15, 'GONZALO CAMPOS', NULL, 98726071, 'HOTEL DEL MAR,ENJOY', 47, '', '', 'TRASLADO PARA 50 PERSONAS HACIA ENJOY.', 16, 8, '0', 0, 1, 'COMPETENCIA', 0),
(119, 181, 13, '2015-02-19', '2015-02-19', '14:27:00', '19:00:00', '01:00:00', 'HOTEL O HIGGINS', 47, 15, 'GONZALO CAMPOS', NULL, 98726071, 'HOTEL DEL MAR,ENJOY', 47, '', '', 'TRASLADO PARA 50 PERSONAS HACIA ENJOY', 16, 8, '0', 0, 1, 'COMPETENCIA', 0),
(120, 181, 13, '2015-02-19', '2015-02-19', '14:28:00', '19:00:00', '01:00:00', 'HOTEL O HIGGINS', 47, 8, 'GONZALO CAMPOS', NULL, 98726071, 'HOTEL DEL MAR,ENJOY', 47, '', '', '', 16, 9, '0', 0, 1, 'COMPETENCIA FOLK', 0),
(121, 2, 13, '2015-02-20', '2015-02-19', '15:40:00', '06:18:00', NULL, 'AEROPUERTO SANTIAGO', 24, 2, '0LIVIA MARTIN, PONTE', NULL, 0, 'HOTEL SHERATON MIRAMAR', 47, 'AV 097', '', '', 3, 9, '118', 110000, 0, 'JURADO OSCAR DE LEON', 1),
(122, 2, 13, '2015-02-20', '2015-02-19', '15:44:00', '07:15:00', NULL, 'AEROPUERTO SANTIAGO', 24, 3, 'ANA MARIA POLO, PAOLA MARTIN', NULL, 0, 'HOTEL SHERATON MIRAMAR', 47, 'LAN 501', '', '', 3, 19, '108', 0, 1, 'DR POLO', 0),
(124, 2, 13, '2015-02-20', '2015-02-19', '15:48:00', '07:15:00', NULL, 'AEROPUERTO SANTIAGO', 24, 3, 'ANA MARIA POL0, PAOLA MARTIRN - SANDRA NADER', NULL, 0, 'HOTEL SHERATON MIRAMAR', 47, 'LAN 501', '', 'TRAVERSE QUEDA A DISPOSICION', 3, 19, '111', 0, 1, 'DR POLO', 0),
(125, 2, 13, '2015-02-20', '2015-02-19', '15:49:00', '07:15:00', NULL, 'AEROPUERTO SANTIAGO', 24, 3, 'ANA MARIA POL0, PAOLA MARTIRN - SANDRA NADER', NULL, 0, 'HOTEL SHERATON MIRAMAR', 47, 'LAN 501', '', '', 3, 19, '109', 0, 1, 'DR POLO', 0),
(126, 181, 13, '2015-02-20', '2015-02-19', '17:47:00', '07:30:00', NULL, 'HOTEL DIEGO DE ALMAGRO', 47, 1, 'BARBARA MOSCOSO', NULL, 78455890, 'HOTEL GALA', 47, '', '', 'EL CONTACTO ES JUAN TORRES 78455890.', 17, 9, '94', 0, 1, 'ARTISTA', 0),
(127, 180, 101010, '2015-02-20', '2015-02-19', '17:51:00', '08:00:00', NULL, 'AEROPUERTO SANTIAGO', 24, 1, 'MARTIN CRESPO', NULL, 93522530, 'HOTEL SHERATON MIRAMAR', 47, 'AR 2284', '', '', 3, 9, '125', 110000, 0, 'TURNER', 1),
(128, 181, 13, '2015-02-20', '2015-02-19', '18:52:00', '09:00:00', NULL, 'HOTEL O HIGGINS', 47, 15, 'GONZALO CAMPOS', NULL, 98726071, 'QUINTA VERGARA', 47, '', '', 'TRASLADOS 35 PERSONAS + 10 BALLET BOLIVIA HACIA QUINTA', 8, 8, '0', 0, 1, 'COMPETENCIA FOLK', 0),
(129, 181, 13, '2015-02-20', '2015-02-19', '18:55:00', '09:00:00', NULL, 'HOTEL O HIGGINS', 47, 15, 'GONZALO CAMPOS', NULL, 98726071, 'QUINTA VERGARA', 47, '', '', 'TRASLADOS 35 PERSONAS + 10 BALLET BOLIVIA HACIA QUINTA', 8, 8, '0', 0, 1, 'COMPETENCIA', 0),
(130, 181, 13, '2015-02-20', '2015-02-19', '18:56:00', '09:00:00', NULL, 'HOTEL O HIGGINS', 47, 10, 'GONZALO CAMPOS, ISTRUMENTOS', NULL, 98726071, 'QUINTA VERGARA', 47, '', '', 'TRASLADO 10 BALLET BOLIVIA HACIA QUINTA + INSTRUMENTOS', 8, 8, '0', 0, 1, 'COMPETENCIA FOLK', 0),
(131, 181, 13, '2015-02-20', '2015-02-19', '19:02:00', '13:30:00', NULL, 'HOTEL O HIGGINS', 47, 15, 'GONZALO CAMPOS', NULL, 98726071, 'QUINTA VERGARA', 47, '', '', '', 8, 8, '0', 0, 1, 'COMPETENCIA', 0),
(132, 181, 13, '2015-02-20', '2015-02-19', '19:06:00', '13:30:00', NULL, 'HOTEL O HIGGINS', 47, 5, 'GONZALO CAMPOS, INSTRUMENTOS', NULL, 98726071, 'QUINTA VERGARA', 47, '', '', '', 8, 9, '0', 0, 1, 'COMPETENCIA', 0),
(133, 181, 13, '2015-02-20', '2015-02-19', '20:17:00', '07:00:00', NULL, 'HOTEL O HIGGINS', 47, 6, 'IGNACIO URRUTIA', NULL, 65995904, 'HOTEL SHERATON MIRAMAR', 47, '', '', 'RETIRAR STAFF DE AUDIO A SHERATON.', 17, 9, '44', 0, 1, 'STAFF AUDIO', 0),
(134, 181, 13, '2015-02-20', '2015-02-19', '20:28:00', '12:00:00', NULL, 'HOTEL GALA', 47, 2, 'VERONICA BRAñES, VALE CASTILLO', NULL, 81581612, 'HOTEL SHERATON MIRAMAR,GALA VECINAL', 47, '', '', 'VEHíCULO QUEDA A DISPOSICIóN HASTA VOLVER AL GALA ', 13, 9, '0', 0, 1, 'ROSTROS', 0),
(135, 180, 202001, '2015-02-20', '2015-02-19', '20:39:00', '12:00:00', NULL, 'INéS MATTE URREJOLA 0890', 47, 8, 'CLAUDIA DE LA CERDA', NULL, 82595361, 'HOTEL SAN MARTIN', 47, '', '', 'CON EQUIPAJES', 4, 8, '78', 125000, 0, 'COMERCIAL', 1),
(136, 180, 202001, '2015-02-20', '2015-02-19', '20:42:00', '15:00:00', NULL, 'INéS MATTE URREJOLA 0890', 23, 7, 'ALE PINTO', NULL, 81374373, 'HOTEL SAN MARTIN', 47, '', '', 'CON EQUIPAJE', 4, 8, '85', 125000, 0, 'COMERCIAL', 1),
(137, 181, 13, '2015-02-20', '2015-02-19', '20:45:00', '06:45:00', NULL, 'HOTEL MARINA DEL REY', 47, 8, 'IGNACIO URRUTIA, FRANCISCO CORVALAN', NULL, 65995904, 'HOTEL SHERATON MIRAMAR', 47, '', '', '', 17, 9, '54', 0, 1, 'CAMAROGRAFOS', 0),
(138, 2, 13, '2015-02-20', '2015-02-19', '21:42:00', '06:30:00', NULL, 'HOTEL MARINA DEL REY', 47, 2, 'DANIEL KRAMER', NULL, 65995904, 'HOTEL SHERATON MIRAMAR', 47, '', '', '', 17, 9, '18', 0, 1, 'ILUMINACION', 0),
(139, 2, 13, '2015-02-20', '2015-02-19', '21:45:00', '08:00:00', NULL, 'HOTEL MARINA DEL REY', 47, 7, 'MACARENA ILLESCA', NULL, 94929140, 'HOTEL SHERATON MIRAMAR', 47, '', '', '', 17, 8, '57', 0, 1, 'ILUMINACION', 0),
(140, 2, 13, '2015-02-20', '2015-02-19', '21:47:00', '08:30:00', NULL, 'HOTEL SHERATON', 47, 2, 'MACARENA ILLESCA', NULL, 94929140, 'HOTEL ENJOY ', 47, '', '', '', 17, 12, '121', 0, 1, 'ILUMINACION', 0),
(141, 181, 13, '2015-02-20', '2015-02-19', '21:47:00', '08:50:00', NULL, 'SAN MARTIN 236,ESQUINA 3 NORTE', 47, 2, 'ROBERTO TRUJILLO', NULL, 91997281, 'QUINTA VERGARA', 47, '', '', '', 8, 9, '117', 0, 1, 'ORQUESTA', 0),
(142, 181, 13, '2015-02-20', '2015-02-19', '21:55:00', '08:50:00', NULL, 'AV PROLONGACION 5 ORIENTE #0225,ESQ LIMACHE,DEPTO 1203', 47, 5, 'DANIEL DONOSO', NULL, 82293497, 'QUINTA VERGARA', 47, '', '', '', 8, 9, '19', 0, 1, 'ORQUESTA', 0),
(143, 181, 13, '2015-02-20', '2015-02-19', '21:55:00', '08:50:00', NULL, 'AV VIANA 1155 DEPTO 202', 47, 10, 'JORGE DIAZ', NULL, 75220455, 'QUINTA VERGARA', 47, '', '', '', 8, 8, '51', 0, 1, 'ORQUESTA', 0),
(144, 2, 13, '2015-02-20', '2015-02-19', '22:39:00', '07:45:00', NULL, 'AV BORGOÑO 17310 COCHOA', 47, 1, 'DANIEL CHIANG', NULL, 87370114, 'QUINTA VERGARA', 47, '', '', '', 17, 9, '48', 0, 1, 'ORQUESTA', 0),
(146, 2, 13, '2015-02-20', '2015-02-20', '09:19:00', '10:00:00', NULL, 'AV COLON 4257', 7, 2, 'ISIDORA URREJONA - RODRIGO FARIAS', NULL, 99796667, 'HOTEL SHERATON MIRAMAR', 47, '', '', 'RETIRO DE VESTUARIO ', 4, 8, '80', 0, 0, 'JURADO', 0),
(147, 180, 13, '2015-02-20', '2015-02-20', '13:21:00', '16:45:00', NULL, 'HOTEL MARINA DEL REY', 47, 5, 'FRANCISCO CORVALAN', NULL, 97127985, 'HOTEL DEL MAR,ENJOY', 47, '', '', '', 17, 9, '0', 0, 1, 'CAMAROGRAFOS', 0),
(149, 2, 202001, '2015-02-23', '2015-02-20', '14:28:00', '09:00:00', NULL, 'HOTEL SAN MARTIN', 47, 8, 'LORENA BURGOS', NULL, 82595359, 'INéS MATTE URREJOLA 0890', 23, '', '', '', 5, 8, '122', 125000, 0, 'AUSPICIADORES', 1),
(150, 2, 202001, '2015-02-23', '2015-02-20', '14:33:00', '18:00:00', NULL, 'INéS MATTE URREJOLA 0890', 23, 8, 'LORENA BURGOS', NULL, 82595359, 'HOTEL MARINA DEL REY', 47, '', '', '', 4, 8, '122', 125000, 0, 'AUSPICIADORES', 1),
(151, 2, 202001, '2015-02-24', '2015-02-20', '14:34:00', '09:00:00', NULL, 'HOTEL SAN MARTIN', 47, 8, 'LORENA BURGOS', NULL, 82595359, 'INéS MATTE URREJOLA 0890', 23, '', '', '', 5, 8, '122', 125000, 0, 'AUSPICIADORES', 1),
(152, 2, 202001, '2015-02-24', '2015-02-20', '14:38:00', '18:00:00', NULL, 'INéS MATTE URREJOLA 0890', 23, 8, 'LORENA BURGOS', NULL, 82595359, 'HOTEL SAN MARTIN', 47, '', '', '', 4, 8, '122', 125000, 0, 'AUSPICIADORES', 1),
(153, 2, 202001, '2015-02-25', '2015-02-20', '14:40:00', '09:00:00', NULL, 'HOTEL SAN MARTIN', 47, 8, 'LORENA BURGOS', NULL, 82595359, 'INéS MATTE URREJOLA 0890', 23, '', '', '', 5, 8, '99', 125000, 0, 'AUSPICIADORES', 1),
(154, 2, 202001, '2015-02-25', '2015-02-20', '14:42:00', '18:00:00', NULL, 'INéS MATTE URREJOLA 0890', 23, 8, 'LORENA BURGOS', NULL, 82595359, 'HOTEL SAN MARTIN', 47, '', '', '', 4, 8, '122', 125000, 0, 'AUSPICIADORES', 1),
(155, 2, 202001, '2015-02-26', '2015-02-20', '14:44:00', '09:00:00', NULL, 'HOTEL SAN MARTIN', 47, 8, 'LORENA BURGOS', NULL, 82595359, 'INéS MATTE URREJOLA 0890', 23, '', '', '', 5, 8, '122', 125000, 0, 'AUSPICIADORES', 1),
(156, 2, 202001, '2015-02-26', '2015-02-20', '14:47:00', '18:00:00', NULL, 'INéS MATTE URREJOLA 0890', 23, 8, 'LORENA BURGOS', NULL, 82595359, 'HOTEL SAN MARTIN', 47, '', '', '', 4, 8, '122', 125000, 0, 'AUSPICIADORES', 1),
(157, 2, 202001, '2015-02-27', '2015-02-20', '14:48:00', '18:00:00', NULL, 'INéS MATTE URREJOLA 0890', 23, 8, 'LORENA BURGOS', NULL, 82595359, 'HOTEL SAN MARTIN', 47, '', '', '', 4, 8, '122', 125000, 0, 'AUSPICIADORES', 1),
(158, 2, 202001, '2015-02-28', '2015-02-20', '14:51:00', '12:00:00', NULL, 'HOTEL SHERATON MIRAMAR', 47, 8, 'LORENA BURGOS', NULL, 82595359, 'INéS MATTE URREJOLA 0890', 23, '', '', '', 5, 8, '99', 125000, 0, 'AUSPICIADORES', 1),
(159, 2, 202001, '2015-02-28', '2015-02-20', '14:53:00', '12:00:00', NULL, 'HOTEL SHERATON MIRAMAR', 47, 8, 'LORENA BURGOS', NULL, 82595359, 'INéS MATTE URREJOLA 0890', 23, '', '', 'CON MALETAAS', 2, 8, '80', 125000, 0, 'AUSPICIADORES', 1),
(160, 180, 13, '2015-02-21', '2015-02-20', '15:19:00', '09:00:00', NULL, 'INéS MATTE URREJOLA 0890', 47, 3, 'CARL LAGOS, JOSE LUIS GOMEZ', NULL, 8991304, 'HOTEL GALA', 47, '', '', 'CITACIóN EN CHV, LUEGO RETIRAR A CARL LAGOS EN ELENA BLANCO 961 PROVIDENCIA.', 4, 9, '98', 110000, 0, 'PRODUCCION', 1),
(161, 181, 111111, '2015-02-21', '2015-02-20', '17:19:00', '08:50:00', NULL, 'HOTEL SHERATON MIRAMAR', 47, 3, 'SLEMAN JUAN BANURA DURAN', NULL, 78992582, 'CHILEVISION', 23, '', '', 'ÁREA: RECURSOS HUMANOS \r\nCENTRO DE COSTO: 1-06-001', 5, 9, '126', 110000, 0, 'RRHH', 1),
(162, 181, 13, '2015-02-21', '2015-02-20', '19:11:00', '07:30:00', NULL, 'HOTEL DIEGO DE ALMAGRO', 47, 1, 'BARBARA MOSCOSO', NULL, 78455890, 'HOTEL GALA', 47, '', '', 'CONTACTO ES JUAN TORRES', 17, 9, '14', 0, 1, 'ARTISTA', 0),
(163, 181, 13, '2015-02-21', '2015-02-20', '19:17:00', '08:00:00', NULL, 'HOTEL GALA', 47, 3, 'MARIO VIE', NULL, 89927931, 'AEROPUERTO SANTIAGO', 7, '', '', 'SEGUIMIENTO LUIS FONSI.', 7, 9, '98', 125000, 0, 'DIRECCION', 1),
(164, 181, 13, '2015-02-21', '2015-02-20', '19:35:00', '10:00:00', NULL, 'HOTEL SHERATON MIRAMAR', 47, 3, 'ANA ARRIAGADA, NANO STERN', NULL, 85765700, 'SPORTING CLUB', 47, '', '', 'AUTO PARA ENTREVISTA CON NANO STERN (DENTRO DEL AUTO)', 13, 19, '65', 0, 1, 'INTERNET', 0),
(165, 181, 13, '2015-02-21', '2015-02-20', '19:39:00', '10:40:00', NULL, 'HOTEL SHERATON MIRAMAR', 47, 5, 'ANA ARRIAGADA', NULL, 85765700, 'SPORTING CLUB', 47, '', '', 'VAN PARA TRASLADO DE STAFF NANO STERN HACIA GALA VECINAL (ENTREVISTA INTERNET)', 13, 9, '14', 0, 1, 'INTERNET + JURADO', 0),
(166, 181, 111111, '2015-02-21', '2015-02-20', '19:43:00', '11:40:00', NULL, 'HOTEL SHERATON MIRAMAR', 47, 2, 'PAULINA GUTIERREZ, CAROLINA MESTROVIC; ANDRES CANI', NULL, 91586699, 'SPORTING CLUB', 47, '', '', '', 17, 19, '112', 0, 1, 'ANIMADORES BACKSTAGE', 0),
(167, 181, 13, '2015-02-21', '2015-02-20', '19:46:00', '16:30:00', '20:00:00', 'HOTEL GALA', 47, 10, 'CRISTIAN FUENTES, DINAMITA SHOW', NULL, 77974391, 'HOTEL O HIGGINS,HOTEL SHERATON MIRAMAR', 47, '', '', 'TRASLADO DE HUMORISTAS A CONFERENCIA DE PRENSA', 16, 8, '0', 0, 1, 'HUMOR', 0),
(168, 181, 13, '2015-02-21', '2015-02-20', '19:51:00', '23:40:00', '02:30:00', 'HOTEL GALA', 47, 10, 'CRISTIAN FUENTES, DINAMITA SHOW', NULL, 77974391, 'HOTEL O HIGGINS,QUINTA VERGARA', 47, '', '', 'TRASLADO HUMORISTAS A ENSAYO QUINTA', 16, 8, '0', 0, 1, 'HUMOR', 0),
(169, 2, 101002, '2015-02-21', '2015-02-20', '21:20:00', '08:45:00', NULL, 'HOTEL SAN MARTIN', 47, 1, 'SOFIA CORREA', NULL, 1, 'HOTEL SHERATON MIRAMAR', 47, '', '', '', 17, 9, '0', 0, 1, 'NUEVOS NEGOCIOS', 0),
(170, 2, 101002, '2015-02-21', '2015-02-20', '21:43:00', '07:30:00', NULL, 'HOTEL MARINA DEL REY', 47, 8, 'CAMARAS, IGNACIO URRUTIA', NULL, 65995904, 'HOTEL SHERATON MIRAMAR', 47, '', '', '', 17, 8, '51', 0, 1, 'CAMAROGRAFOS', 0),
(171, 2, 13, '2015-02-21', '2015-02-20', '21:46:00', '07:30:00', NULL, 'HOTEL MARINA DEL REY', 47, 8, 'ILUMINACION, IGNACIO URRUTIA', NULL, 65995904, 'HOTEL SHERATON MIRAMAR', 47, '', '', '', 17, 8, '48', 0, 1, 'ILUMINACION', 0),
(172, 2, 13, '2015-02-21', '2015-02-20', '21:48:00', '07:30:00', NULL, 'HOTEL O HIGGINS', 47, 8, 'AUDIO, IGNACIO URRUTIA', NULL, 65995904, 'HOTEL O HIGGINS', 47, '', '', '', 17, 8, '127', 0, 1, 'AUDIO', 0),
(173, 2, 13, '2015-02-21', '2015-02-20', '21:54:00', '12:00:00', NULL, 'AV BORGOÑO 17310 COCHOA', 47, 6, 'DANIEL CHIANG', NULL, 87370114, 'QUINTA VERGARA', 47, '', '', '', 8, 8, '0', 0, 1, 'ORQUESTA', 0),
(174, 2, 13, '2015-02-21', '2015-02-20', '21:56:00', '13:30:00', NULL, 'SAN MARTIN 236,ESQUINA 3 NORTE', 47, 3, 'ROBERTO TRUJILLO', NULL, 91997281, 'QUINTA VERGARA', 47, '', '', '', 8, 9, '0', 0, 1, 'ORQUESTA', 0),
(175, 2, 13, '2015-02-21', '2015-02-20', '21:56:00', '13:30:00', NULL, 'AV VIANA 1155 DEPTO 202', 47, 11, 'JORGE DIAZ', NULL, 75220455, 'QUINTA VERGARA', 47, '', '', '', 8, 8, '0', 0, 1, 'ORQUESTA', 0),
(176, 2, 13, '2015-02-21', '2015-02-20', '22:02:00', '09:59:00', NULL, 'INéS MATTE URREJOLA 0890', 23, 0, 'CARGA, JUAN CANALES', NULL, 82595348, 'QUINTA VERGARA', 47, '', '', '', 4, 6, '71', 235000, 0, 'INGENERIA', 1),
(177, 2, 13, '2015-02-21', '2015-02-20', '23:04:00', '00:07:00', NULL, 'AEROPUERTO SANTIAGO', 24, 1, 'DAVID AYALA', NULL, 0, 'HOTEL DIEGO DE ALMAGRO', 47, 'CM 111', '', '', 3, 9, '129', 110000, 0, 'YANDEL', 1),
(178, 2, 13, '2015-02-21', '2015-02-20', '23:08:00', '05:30:00', NULL, 'AEROPUERTO SANTIAGO', 24, 4, 'JAVIER DIAZ, TONY FELICIANO - EFRAIN PAPALEO  - JO', NULL, 0, 'HOTEL SHERATON MIRAMAR', 47, 'COPA 277', '', '', 3, 9, '98', 0, 0, 'YANDEL', 0),
(179, 2, 13, '2015-02-21', '2015-02-20', '23:09:00', '06:08:00', NULL, 'AEROPUERTO SANTIAGO', 24, 3, 'DAVID SANCHEZ, KARELL CARABALLO- OSCAR BAUDILIO  ', NULL, 0, 'HOTEL DIEGO DE ALMAGRO', 47, 'AV 097', '', '', 3, 9, '130', 0, 0, 'YANDEL', 0),
(180, 2, 13, '2015-02-21', '2015-02-20', '23:26:00', '07:10:00', NULL, 'AEROPUERTO SANTIAGO', 24, 1, 'YANDELL VEGUILLA', NULL, 0, 'HOTEL SHERATON MIRAMAR', 47, 'AA 225', '', 'SALE POR PROTOCOLO', 3, 21, '132', 0, 1, 'YANDEL', 0),
(181, 2, 13, '2015-02-21', '2015-02-20', '23:42:00', '07:30:00', NULL, 'HOTEL O HIGGINS', 47, 8, 'AUDIO, MASQUILLAJE VESTUARIO', NULL, 0, 'HOTEL SHERATON MIRAMAR', 47, '', '', '', 17, 8, '50', 0, 1, 'PRODUCCION', 0),
(182, 2, 13, '2015-02-21', '2015-02-20', '23:57:00', '07:10:00', NULL, 'AEROPUERTO SANTIAGO', 24, 6, 'JOSE RODRIGUEZ-, - ANGEL ALMODOVAR- ANDRES MARTINE', NULL, 0, 'HOTEL SHERATON MIRAMAR', 47, 'AA 225', '', '', 3, 9, '80', 0, 0, 'YANDEL', 0),
(183, 2, 13, '2015-02-21', '2015-02-21', '00:01:00', '07:10:00', NULL, 'AEROPUERTO SANTIAGO', 24, 3, '  CESAR BENITEZ                         ,   CESAR ', NULL, 0, 'HOTEL DIEGO DE ALMAGRO', 47, 'AA 225', '', '', 3, 9, '135', 0, 0, 'YANDEL', 0),
(184, 2, 13, '2015-02-21', '2015-02-21', '00:05:00', '07:10:00', NULL, 'AEROPUERTO SANTIAGO', 24, 0, 'CARGA, YANDEL', NULL, 0, 'HOTEL DIEGO DE ALMAGRO', 45, '', '', '', 3, 6, '136', 250000, 0, 'YANDEL', 1),
(185, 2, 13, '2015-02-21', '2015-02-21', '00:13:00', '08:25:00', NULL, 'AEROPUERTO SANTIAGO', 24, 9, '   KATHERINE DíAZ, OSCAR MENA - MICHAELA SPRAGUE -', NULL, 0, 'HOTEL SHERATON MIRAMAR', 47, 'LAN 533', '', '', 3, 8, '137', 0, 1, 'YANDEL', 0),
(186, 2, 13, '2015-02-21', '2015-02-21', '00:16:00', '10:10:00', NULL, 'AEROPUERTO SANTIAGO', 24, 2, 'LUIS BISARRI', NULL, 0, 'HOTEL DIEGO DE ALMAGRO', 47, '', '', 'SALE DE HOTEL SAN MARTIN A LAS 08:00 CON PATY VARGAS', 3, 19, '107', 0, 1, 'LUIS FONSI', 0),
(187, 2, 13, '2015-02-21', '2015-02-21', '00:16:00', '10:10:00', NULL, 'AEROPUERTO SANTIAGO', 24, 2, 'LUIS BISARRI', NULL, 0, 'HOTEL DIEGO DE ALMAGRO', 47, '', '', 'SALE DE HOTEL SAN MARTIN A LAS 08:00 CON PATY VARGAS', 3, 19, '107', 0, 1, 'LUIS FONSI', 0),
(188, 2, 13, '2015-02-21', '2015-02-21', '00:16:00', '10:10:00', NULL, 'AEROPUERTO SANTIAGO', 24, 2, 'LUIS BISARRI', NULL, 0, 'HOTEL DIEGO DE ALMAGRO', 47, '', '', 'SALE DE HOTEL SAN MARTIN A LAS 08:00 CON PATY VARGAS', 3, 19, '107', 0, 1, 'LUIS FONSI', 0),
(189, 2, 13, '2015-02-21', '2015-02-21', '00:23:00', '10:10:00', NULL, 'AEROPUERTO SANTIAGO', 24, 1, 'REINALDO TORRES', NULL, 0, 'HOTEL SHERATON MIRAMAR', 47, 'UA 847', '', '', 3, 9, '0', 110000, 0, 'LUIS FONSI', 1),
(190, 2, 13, '2015-02-21', '2015-02-21', '00:25:00', '10:20:00', NULL, 'AEROPUERTO SANTIAGO', 24, 2, 'LUIS RODRIGUES Y SEÑORA', NULL, 0, 'HOTEL SHERATON MIRAMAR', 47, 'AA 957', '', '', 3, 21, '140', 0, 1, 'LUIS FONSI', 0),
(191, 2, 13, '2015-02-21', '2015-02-21', '00:32:00', '10:20:00', NULL, 'AEROPUERTO SANTIAGO', 24, 10, 'PARTY A', NULL, 0, 'HOTEL DIEGO DE ALMAGRO', 47, 'AA 957', '', '', 3, 8, '141', 0, 1, 'LUIS FONSI', 0),
(192, 2, 13, '2015-02-21', '2015-02-21', '00:36:00', '10:20:00', NULL, 'AEROPUERTO SANTIAGO', 24, 7, 'PARTY B', NULL, 0, 'HOTEL DIEGO DE ALMAGRO', 47, '', '', 'DEBE PÑASAR POR HOTEL SHERATON', 3, 8, '142', 0, 1, 'LUIS FONSI', 0),
(193, 2, 13, '2015-02-21', '2015-02-21', '00:42:00', '10:20:00', NULL, 'AEROPUERTO SANTIAGO', 24, 0, 'CARGA', NULL, 0, 'HOTEL DIEGO DE ALMAGRO', 47, '', '', '', 3, 6, '143', 250000, 0, 'LUIS FONSI', 1),
(194, 2, 13, '2015-02-21', '2015-02-21', '00:43:00', '10:20:00', NULL, 'AEROPUERTO SANTIAGO', 24, 8, 'JEAN RODRIGUEZ, JEAN RODRIGUEZ -ADLIN TORRES - RAM', NULL, 0, 'HOTEL DIEGO DE ALMAGRO', 47, '', '', '', 3, 8, '144', 0, 1, 'YANDEL', 0),
(195, 2, 13, '2015-02-21', '2015-02-21', '00:48:00', '16:15:00', NULL, 'AEROPUERTO SANTIAGO', 24, 1, 'GADIEL VEGUILLA', NULL, 0, 'HOTEL SHERATON MIRAMAR', 47, 'LAN 1447', '', '', 3, 9, '145', 110000, 0, 'YANDEL', 1),
(196, 180, 13, '2015-02-21', '2015-02-21', '13:21:00', '16:25:00', '23:00:00', 'HOTEL SHERATON MIRAMAR', 47, 1, 'IGNACIO URRUTIA', NULL, 65995891, 'INéS MATTE URREJOLA 0890', 23, '', '', 'CREAR CENTRO DE COSTO MALDITA MODA (602452)', 7, 9, '', 125000, 0, 'MALDITA MODA', 1),
(198, 180, 13, '2015-02-22', '2015-02-21', '17:08:00', '12:00:00', NULL, 'INéS MATTE URREJOLA 0890', 23, 5, 'CRISTOPHER VILLANUEVA, ALEJANDRA GUZMAN', NULL, 79888977, 'HOTEL GALA', 47, '', '', 'PERSONAS DE FINANZAS, INTERNET Y UNAS CAJAS DE DJ FARAóN.', 4, 8, '84', 125000, 0, 'FINANZAS', 1),
(199, 180, 13, '2015-02-22', '2015-02-21', '17:42:00', '09:00:00', NULL, 'HOTEL SAN MARTIN', 47, 1, 'SOFIA CORREA', NULL, 76683600, 'HOTEL SHERATON MIRAMAR', 47, '', '', '', 17, 9, '117', 0, 1, 'COMERCIAL', 0),
(200, 180, 13, '2015-02-23', '2015-02-21', '17:44:00', '08:00:00', NULL, 'HOTEL SAN MARTIN', 47, 1, 'SOFIA CORREA', NULL, 76683600, 'HOTEL SHERATON MIRAMAR', 47, '', '', '', 17, 9, '117', 0, 1, 'COMERCIAL', 0),
(201, 180, 13, '2015-02-24', '2015-02-21', '17:45:00', '08:00:00', NULL, 'HOTEL SAN MARTIN', 47, 1, 'SOFIA CORREA', NULL, 76683600, 'HOTEL SHERATON MIRAMAR', 47, '', '', '', 17, 9, '14', 0, 1, 'COMERCIAL', 0),
(202, 180, 13, '2015-02-25', '2015-02-21', '17:46:00', '08:45:00', NULL, 'HOTEL SAN MARTIN', 47, 1, 'SOFIA CORREA', NULL, 76683600, 'HOTEL SHERATON MIRAMAR', 47, '', '', '', 17, 9, '17', 0, 1, 'COMERCIAL', 0),
(203, 180, 13, '2015-02-26', '2015-02-21', '17:47:00', '08:00:00', NULL, 'HOTEL SAN MARTIN', 47, 1, 'SOFIA CORREA', NULL, 76683600, 'HOTEL SHERATON MIRAMAR', 47, '', '', '', 17, 9, '14', 0, 1, 'COMERCIAL', 0),
(204, 180, 13, '2015-02-27', '2015-02-21', '17:48:00', '09:00:00', NULL, 'HOTEL SAN MARTIN', 47, 1, 'SOFIA CORREA', NULL, 76683600, 'HOTEL SHERATON MIRAMAR', 47, '', '', '', 17, 9, '7', 0, 1, 'COMERCIAL', 0),
(205, 180, 13, '2015-02-28', '2015-02-21', '17:49:00', '09:00:00', NULL, 'HOTEL SAN MARTIN', 47, 1, 'SOFIA CORREA', NULL, 76683600, 'HOTEL SHERATON MIRAMAR', 47, '', '', '', 17, 9, '14', 0, 1, 'COMERCIAL', 0),
(206, 180, 13, '2015-02-22', '2015-02-21', '17:52:00', '20:00:00', NULL, 'AEROPUERTO SANTIAGO', 7, 1, 'JOSE MANUEL RODRIGUEZ, PAOLA GAETE', NULL, 96791895, '3 NORTE 220 DEPTO 801', 47, '', '', '', 3, 9, '0', 0, 1, 'JURADO', 0),
(207, 180, 13, '2015-03-01', '2015-02-21', '17:56:00', '09:00:00', NULL, 'HOTEL SAN MARTIN', 47, 1, 'SOFIA CORREA', NULL, 76683600, 'HOTEL SHERATON MIRAMAR', 47, '', '', '', 17, 9, '17', 0, 1, 'COMERCIAL', 0),
(209, 181, 13, '2015-02-22', '2015-02-21', '18:18:00', '07:40:00', NULL, 'HOTEL O HIGGINS', 47, 12, 'IGNACIO URRUTIA, AUDIO, MAQUILLAJE - PELUQUERíA Y ', NULL, 65995904, 'HOTEL SHERATON MIRAMAR', 47, '', '', '', 17, 8, '57', 0, 1, 'SATELITE', 0),
(210, 180, 13, '2015-02-22', '2015-02-21', '18:18:00', '06:30:00', NULL, 'HOTEL DIEGO DE ALMAGRO', 45, 7, 'TECNICOS, DANNY MOYA (ATACHE)', NULL, 66556203, 'QUINTA VERGARA', 47, '', '', '', 8, 8, '46', 0, 1, 'YANDEL', 0),
(211, 181, 13, '2015-02-22', '2015-02-21', '18:23:00', '07:40:00', NULL, 'HOTEL O HIGGINS', 47, 6, 'IGNACIO URRUTIA, TRAMOYA GC Y UTILEROS.', NULL, 65995904, 'HOTEL SHERATON MIRAMAR', 47, '', '', '', 17, 9, '50', 0, 1, 'SATELITE', 0),
(212, 180, 13, '2015-02-22', '2015-02-21', '18:25:00', '03:00:00', NULL, 'HOTEL DIEGO DE ALMAGRO', 45, 3, 'TECNICOS, PAULINA ORTEGA (ATACHE)', NULL, 68981958, 'QUINTA VERGARA', 47, '', '', '', 8, 9, '37', 0, 1, 'LUIS FONSI', 0),
(213, 180, 13, '2015-02-22', '2015-02-21', '18:26:00', '07:30:00', NULL, 'HOTEL DIEGO DE ALMAGRO', 45, 8, 'TECNICOS, PAULINA ORTEGA (ATACHE)', NULL, 68981958, 'QUINTA VERGARA', 47, '', '', '', 8, 8, '48', 0, 1, 'LUIS FONSI', 0),
(214, 181, 13, '2015-02-22', '2015-02-21', '18:41:00', '07:40:00', NULL, 'HOTEL MARINA DEL REY', 47, 12, 'IGNACIO URRUTIA, ILUMINACION - CáMARA - CONTROL VI', NULL, 65995904, 'HOTEL SHERATON MIRAMAR', 47, '', '', '', 17, 8, '54', 0, 1, 'SATELITE', 0),
(215, 180, 13, '2015-02-22', '2015-02-21', '18:41:00', '08:00:00', NULL, 'HOTEL DIEGO DE ALMAGRO', 45, 8, 'MUSICOS Y BAILARINES, DANNY MOYA (ATACHE)', NULL, 66556203, 'QUINTA VERGARA', 47, '', '', '', 8, 8, '39', 0, 1, 'YANDEL', 0),
(216, 180, 13, '2015-02-22', '2015-02-21', '18:43:00', '08:30:00', NULL, 'HOTEL SHERATON MIRAMAR', 47, 1, 'YANDEL, DANNY MOYA (ATACHE)', NULL, 66556203, 'QUINTA VERGARA', 47, '', '', '', 8, 21, '66', 0, 1, 'YANDEL', 0),
(217, 180, 13, '2015-02-22', '2015-02-21', '18:45:00', '08:30:00', NULL, 'HOTEL SHERATON MIRAMAR', 47, 5, 'YANDEL, DANNY MOYA (ATACHE)', NULL, 66556203, 'QUINTA VERGARA', 47, '', '', '', 8, 20, '133', 0, 1, 'YANDEL', 0),
(218, 180, 13, '2015-02-22', '2015-02-21', '19:15:00', '08:00:00', NULL, 'SAN ALFONSO DEL MAR 906,DEPTO  906,EDIFICIO PROA,ALGARROBO', 0, 3, 'FRANCO EL GORILA, CAROLA SOLOZA', NULL, 42082816, 'QUINTA VERGARA', 47, '', '', 'TRAER A FRANCO HACIA LA QUINTA, LUEGO DEL ENSAYO LLEVARLO AL HOTEL DIEGO DE ALMAGRO.', 18, 19, '107', 0, 1, 'YANDEL', 0),
(219, 180, 13, '2015-02-22', '2015-02-21', '19:23:00', '14:00:00', NULL, 'HOTEL DIEGO DE ALMAGRO', 45, 9, 'MUSICOS Y BAILARINES, PAULINA ORTEGA (ATACHE)', NULL, 68981958, 'QUINTA VERGARA', 47, '', '', '', 8, 8, '50', 0, 1, 'LUIS FONSI', 0),
(220, 180, 13, '2015-02-22', '2015-02-21', '19:39:00', '14:00:00', NULL, 'HOTEL DIEGO DE ALMAGRO', 45, 9, 'MUSICOS Y BAILARINES, PAULINA ORTEGA (ATACHE)', NULL, 68981958, 'QUINTA VERGARA', 47, '', '', '', 8, 8, '57', 0, 1, 'LUIS FONSI', 0),
(221, 180, 13, '2015-02-22', '2015-02-21', '19:42:00', '14:00:00', NULL, 'HOTEL SHERATON MIRAMAR', 47, 1, 'LUIS FONSI, PAULINA ORTEGA (ATACHE)', NULL, 68981958, 'QUINTA VERGARA', 47, '', '', '', 8, 21, '140', 0, 1, 'LUIS FONSI', 0),
(222, 181, 13, '2015-02-22', '2015-02-21', '19:12:00', '09:45:00', NULL, 'HOTEL SAN MARTIN', 47, 12, 'SEBASTIAN VALLEJOS, FIEBRE DE VIñA', NULL, 57594998, 'HOTEL SHERATON MIRAMAR', 47, '', '', '', 17, 8, '33', 0, 1, 'SATELITE', 0),
(223, 180, 13, '2015-02-22', '2015-02-21', '19:45:00', '20:00:00', NULL, 'HOTEL DIEGO DE ALMAGRO', 47, 9, 'MUSICOS Y BAILARINES, PAULINA ORTEGA (ATACHE)', NULL, 68981958, 'QUINTA VERGARA', 47, '', '', '', 8, 8, '0', 0, 1, 'LUIS FONSI', 0),
(224, 180, 13, '2015-02-22', '2015-02-21', '19:45:00', '20:00:00', NULL, 'HOTEL DIEGO DE ALMAGRO', 47, 9, 'MUSICOS Y BAILARINES, PAULINA ORTEGA (ATACHE)', NULL, 68981958, 'QUINTA VERGARA', 47, '', '', '', 8, 8, '0', 0, 1, 'LUIS FONSI', 0),
(225, 180, 13, '2015-02-22', '2015-02-21', '19:52:00', '20:00:00', NULL, 'HOTEL DIEGO DE ALMAGRO', 45, 8, 'MUSICOS Y BAILARINES, PAULINA ORTEGA (ATACHE)', NULL, 68981958, 'QUINTA VERGARA', 47, '', '', '', 8, 8, '0', 0, 1, 'LUIS FONSI', 0),
(226, 181, 13, '2015-02-22', '2015-02-21', '19:51:00', '07:30:00', NULL, 'HOTEL SAN MARTIN', 47, 1, 'JONY NAVARRETE', NULL, 75047898, 'PARADERO 6 AGUA SANTA,ANTENA CHV', 47, '', '', '', 17, 9, '19', 0, 1, 'SATELITE', 0),
(227, 180, 13, '2015-02-22', '2015-02-21', '20:02:00', '20:30:00', NULL, 'HOTEL SHERATON MIRAMAR', 47, 1, 'LUIS FONSI, PATRICIA VARGAS', NULL, 95096702, 'QUINTA VERGARA', 47, '', '', '', 8, 21, '140', 0, 1, 'LUIS FONSI', 0),
(228, 180, 13, '2015-02-22', '2015-02-21', '20:15:00', '10:00:00', NULL, 'AV. BRASIL 1157', 7, 0, 'RAMON AVILA, JUAN TORRES', NULL, 74409269, 'QUINTA VERGARA', 47, '', '', 'RETIRAR MALETAS ESCENOGRAFíA ARJONA', 7, 12, '121', 0, 1, 'ARTISTAS', 0),
(229, 180, 13, '2015-02-22', '2015-02-21', '20:23:00', '22:00:00', NULL, 'HOTEL DIEGO DE ALMAGRO', 45, 8, 'TECNICOS, DANNY MOYA (ATACHE)', NULL, 66556203, 'QUINTA VERGARA', 47, '', '', '', 8, 8, '0', 0, 1, 'YANDEL', 0),
(230, 180, 13, '2015-02-22', '2015-02-21', '20:26:00', '23:00:00', NULL, 'HOTEL DIEGO DE ALMAGRO', 45, 8, 'MUSICOS Y BAILARINES, DANNY MOYA (ATACHE)', NULL, 66556203, 'QUINTA VERGARA', 47, '', '', '', 8, 8, '0', 0, 1, 'YANDEL', 0),
(231, 180, 13, '2015-02-22', '2015-02-21', '20:28:00', '23:00:00', NULL, 'HOTEL SHERATON MIRAMAR', 47, 1, 'YANDEL, DANNY MOYA (ATACHE)', NULL, 66556203, 'QUINTA VERGARA', 47, '', '', '', 8, 21, '132', 0, 1, 'YANDEL', 0),
(232, 180, 13, '2015-02-22', '2015-02-21', '20:29:00', '23:00:00', NULL, 'HOTEL SHERATON MIRAMAR', 47, 1, 'YANDEL, DANNY MOYA (ATACHE)', NULL, 66556203, 'QUINTA VERGARA', 47, '', '', '', 8, 20, '133', 0, 1, 'YANDEL', 0),
(233, 181, 13, '2015-02-22', '2015-02-21', '20:51:00', '07:30:00', NULL, 'HOTEL DIEGO DE ALMAGRO', 47, 1, 'BARBARA MOSCOSO', NULL, 78455890, 'HOTEL GALA', 47, '', '', '', 17, 9, '14', 0, 1, 'ARTISTA', 0),
(234, 181, 13, '2015-02-22', '2015-02-21', '23:16:00', '09:30:00', NULL, 'AV BORGOÑO 17310 COCHOA', 47, 6, 'DANIEL CHIANG', NULL, 87370114, 'QUINTA VERGARA', 47, '', '', '', 8, 9, '54', 0, 1, 'ORQUESTA', 0),
(235, 181, 13, '2015-02-22', '2015-02-21', '23:20:00', '10:00:00', NULL, 'SAN MARTIN 236,ESQUINA 3 NORTE', 47, 2, 'ROBERTO TRUJILLO', NULL, 91997281, 'QUINTA VERGARA', 47, '', '', '', 8, 9, '24', 0, 1, 'ORQUESTA', 0),
(236, 181, 13, '2015-02-22', '2015-02-21', '23:22:00', '10:00:00', NULL, 'AV VIANA 1155 DEPTO 202', 47, 10, 'JORGE DIAZ', NULL, 75520455, 'QUINTA VERGARA', 47, '', '', '', 8, 8, '51', 0, 1, 'ORQUESTA', 0),
(237, 2, 13, '2015-02-22', '2015-02-21', '23:56:00', '06:50:00', NULL, 'AEROPUERTO SANTIAGO', 24, 9, 'JESUS EMMANUEL ACHA, OLGA GUERRERO -BADIN -EDGAR R', NULL, 0, 'HOTEL SHERATON SANTIAGO', 7, 'LAN 621', '', '', 20, 8, '78', 60000, 0, 'EMMANUEL', 1),
(238, 2, 13, '2015-02-22', '2015-02-21', '23:57:00', '06:50:00', NULL, 'AEROPUERTO SANTIAGO', 24, 2, 'EMANUEL CARA, CARGA', NULL, 0, 'HOTEL SHERATON', 47, 'LA 621', '', '', 20, 12, '136', 60000, 0, 'EMMANUEL', 1),
(239, 2, 13, '2015-02-22', '2015-02-22', '00:00:00', '06:50:00', NULL, 'AEROPUERTO SANTIAGO', 24, 9, 'JESúS NAVARRO , -GILBERTO MARíN-ROGELIO FLORES -OM', NULL, 0, 'HOTEL SHERATON MIRAMAR', 47, 'lan 621', '', '', 3, 8, '80', 0, 0, 'REIK', 0),
(240, 2, 13, '2015-02-22', '2015-02-22', '00:05:00', '06:50:00', NULL, 'AEROPUERTO SANTIAGO', 24, 25, 'GRUPO REIK, STAFF GRUPO REIK', NULL, 0, 'HOTEL DIEGO DE ALMAGRO', 47, 'LAN 621', '', '', 3, 15, '48', 0, 0, 'REIK', 0),
(243, 2, 13, '2015-02-22', '2015-02-22', '00:08:00', '06:50:00', NULL, 'AEROPUERTO SANTIAGO', 24, 0, 'CARGA, GRUPO REIK', NULL, 0, 'HOTEL DIEGO DE ALMAGRO', 47, '', '', '', 3, 6, '72', 250000, 0, 'REIK', 1),
(244, 2, 101002, '2015-02-22', '2015-02-22', '00:12:00', '08:00:00', NULL, 'AEROPUERTO SANTIAGO', 24, 2, 'RODRIGO DíAS, -JORGE JUAREZ', NULL, 0, 'HOTEL DIEGO DE ALMAGRO', 47, 'LAN 503', '', '', 3, 9, '83', 0, 0, 'REIK', 0),
(245, 2, 13, '2015-02-22', '2015-02-22', '00:12:00', '09:00:00', NULL, 'AEROPUERTO SANTIAGO', 24, 2, 'MARCELO FERNáNDEZ -  MARCOS PARENTI', NULL, 0, 'HOTEL W', 1, '', '', '', 20, 9, '99', 0, 1, 'RICARDO ARJONA', 0),
(246, 2, 13, '2015-02-22', '2015-02-22', '00:14:00', '10:26:00', NULL, 'AEROPUERTO SANTIAGO', 24, 1, 'ANTONIO MOJENA (MANAGER) ', NULL, 0, 'HOTEL SHERATON MIRAMAR', 47, 'AA 957', '', '', 3, 19, '112', 0, 1, 'LUIS FONSI', 0),
(247, 2, 13, '2015-02-22', '2015-02-22', '00:18:00', '10:25:00', NULL, 'AEROPUERTO SANTIAGO', 24, 1, 'ROLY GARBALOSA', NULL, 0, 'HOTEL DIEGO DE ALMAGRO', 47, '', '', '', 3, 9, '98', 110000, 0, 'RICARDO ARJONA', 1),
(248, 2, 13, '2015-02-22', '2015-02-22', '00:21:00', '18:07:00', NULL, 'AEROPUERTO SANTIAGO', 24, 38, ' STFF RICARDO ARJONA', NULL, 0, 'HOTEL DIEGO DE ALMAGRO', 47, 'CM 494', '', '', 3, 16, '147', 0, 1, 'RICARDO ARJONA', 0),
(249, 2, 13, '2015-02-22', '2015-02-22', '00:25:00', '18:07:00', NULL, 'AEROPUERTO SANTIAGO', 24, 0, 'CARGA ARJONA', NULL, 0, 'HOTEL DIEGO DE ALMAGRO', 47, 'CM 494', '', '', 3, 13, '143', 340000, 0, 'RICARDO ARJONA', 1),
(250, 2, 13, '2015-02-22', '2015-02-22', '00:25:00', '20:15:00', NULL, 'AEROPUERTO SANTIAGO', 24, 1, 'JOSE MANUEL RODRIGUEZ', NULL, 0, 'HOTEL SHERATON MIRAMAR', 47, '', '', '', 3, 9, '98', 110000, 0, 'JURADO ', 1),
(251, 2, 13, '2015-02-22', '2015-02-22', '00:28:00', '23:00:00', NULL, 'AEROPUERTO SANTIAGO', 24, 6, 'RICARDO ARJONA', NULL, 0, 'HOTEL W', 1, '', '', '', 20, 21, '148', 0, 1, 'RICARDO ARJONA', 0),
(252, 2, 13, '2015-02-22', '2015-02-22', '00:31:00', '23:00:00', NULL, 'AEROPUERTO SANTIAGO', 24, 0, 'CARGA', NULL, 0, 'HOTEL W', 1, 'PRIVADO', '', '', 20, 12, '136', 60000, 0, 'RICARDO ARJONA', 1),
(253, 2, 13, '2015-02-22', '2015-02-22', '00:32:00', '23:00:00', NULL, 'AEROPUERTO SANTIAGO', 24, 1, 'ANANIS CASTILLO', NULL, 0, 'HOTEL DIEGO DE ALMAGRO', 47, '', '', '', 3, 19, '108', 0, 1, 'RICARDO ARJONA', 0);
INSERT INTO `vin_servicio` (`id_servicio`, `id_user`, `centrocosto`, `fecha`, `fecha_emision`, `hora_emision`, `hora_ini`, `hora_ter`, `lugar_presentacion`, `comuna1`, `pasajeros`, `pasajero_principal`, `telefono`, `celular`, `lugar_destino`, `comuna2`, `vuelo_in`, `vuelo_out`, `referencias`, `tipo_servicio`, `tipo_vehiculo`, `nro_movil`, `cobro`, `poll_adicional`, `artista`, `extra`) VALUES
(254, 2, 13, '2015-02-22', '2015-02-22', '00:33:00', '10:00:00', NULL, 'HOTEL SHERATON MIRAMAR', 47, 2, 'ANA MARIA POL0, PAOLA MARTIRN - SANDRA NADER', NULL, 0, 'AEROPUERTO SANTIAGO', 24, '', '', 'VIAJA A SABTIAGO Y HACER TOUR Y LUEGO DEJAN EN APTO', 11, 19, '109', 0, 1, 'DR POLO', 0),
(255, 2, 13, '2015-02-22', '2015-02-22', '00:36:00', '10:00:00', NULL, 'HOTEL SHERATON MIRAMAR', 47, 2, 'ANA MARIA POL0, PAOLA MARTIRN - SANDRA NADER', NULL, 0, 'AEROPUERTO SANTIAGO', 24, '', '', '', 11, 19, '108', 0, 1, 'DR POLO', 0),
(256, 2, 13, '2015-02-22', '2015-02-22', '10:43:00', '09:00:00', NULL, 'INéS MATTE URREJOLA 0890', 23, 0, 'CARGA, CRISTIAN ESPINOZA', NULL, 0, 'QUINTA VERGARA', 47, '', '', '', 4, 6, '71', 235000, 0, 'INGENERIA ', 1),
(257, 2, 13, '2015-02-22', '2015-02-22', '10:46:00', '12:00:00', NULL, 'HOTEL W', 1, 2, 'MARCELO FERNáNDEZ -  MARCOS PARENTI', NULL, 0, 'QUINTA VERGARA', 47, '', '', '', 3, 20, '155', 200000, 0, 'RICARDO ARJONA', 1),
(258, 180, 13, '2015-02-23', '2015-02-22', '11:25:00', '03:00:00', NULL, 'HOTEL DIEGO DE ALMAGRO', 45, 8, 'TECNICOS, DIEGO SUAREZ', NULL, 82601031, 'QUINTA VERGARA', 47, '', '', '', 8, 8, '49', 0, 1, 'RICARDO ARJONA', 0),
(259, 181, 602376, '2015-02-22', '2015-02-22', '11:36:00', '22:00:00', NULL, 'HOTEL MARINA DEL REY', 47, 1, 'JORGE ARRAÑO, IGNACIO URRUTIA', NULL, 65995904, 'DOMICILIO', 7, '', '', '', 5, 9, '', 110000, 0, 'SATELITE', 1),
(260, 181, 13, '2015-02-23', '2015-02-22', '12:07:00', '10:00:00', NULL, 'HOTEL O HIGGINS', 47, 8, 'JAVIER ORMEÑO, BAILARINES OBERTURA', NULL, 77744312, 'DOMICILIO', 7, '', '', '', 5, 8, '38', 125000, 0, 'OBERTURA', 1),
(261, 181, 13, '2015-02-23', '2015-02-22', '12:49:00', '11:40:00', NULL, 'AEROPUERTO SANTIAGO,LAN 0230', 24, 6, 'HUASO FILOMENO, STAFF', NULL, 93522530, 'HOTEL O HIGGINS', 47, '', '', '', 3, 8, '134', 0, 0, 'HUMOR', 0),
(262, 181, 13, '2015-02-23', '2015-02-22', '13:05:00', '07:30:00', NULL, 'HOTEL SAN MARTIN', 47, 1, 'JONY NAVARRETE', NULL, 75047898, 'PARADERO 6 AGUA SANTA,ANTENA CHV', 47, '', '', '', 17, 9, '19', 0, 1, 'SATELITE', 0),
(263, 181, 13, '2015-02-23', '2015-02-22', '13:54:00', '06:30:00', NULL, 'HOTEL DIEGO DE ALMAGRO', 47, 12, 'TECNICOS RICARDO ARJONA, DIEGO SUAREZ', NULL, 82601031, 'QUINTA VERGARA', 47, '', '', '', 8, 8, '46', 0, 1, 'RICARDO ARJONA', 0),
(264, 181, 13, '2015-02-23', '2015-02-22', '13:54:00', '07:30:00', NULL, 'HOTEL DIEGO DE ALMAGRO', 47, 12, 'TECNICOS REIK, CARLOS LOPEZ', NULL, 68981085, 'QUINTA VERGARA', 47, '', '', '', 8, 8, '44', 0, 1, 'REIK', 0),
(266, 181, 13, '2015-02-23', '2015-02-22', '14:14:00', '09:00:00', NULL, 'QUINTA VERGARA', 47, 15, 'STAFF RICARDO ARJONA, DIEGO SUAREZ', NULL, 82601031, 'HOTEL DIEGO DE ALMAGRO', 47, '', '', 'CARTEL  CON LETRA GRANDE B2', 9, 8, '48', 0, 1, 'RICARDO ARJONA', 0),
(267, 181, 13, '2015-02-23', '2015-02-22', '14:19:00', '09:00:00', NULL, 'QUINTA VERGARA', 47, 15, 'STAFF RICARDO ARJONA, DIEGO SUAREZ', NULL, 82601031, 'QUINTA VERGARA,HOTEL DIEGO DE ALMAGRO', 47, '', '', 'CARTEL CON LETRA GRANDE "B1"', 9, 8, '51', 0, 1, 'RICARDO ARJONA', 0),
(268, 181, 13, '2015-02-23', '2015-02-22', '14:22:00', '10:30:00', NULL, 'HOTEL DIEGO DE ALMAGRO', 47, 12, 'MÚSICOS REIK, CARLOS LOPEZ', NULL, 68981085, 'QUINTA VERGARA', 47, '', '', '', 8, 8, '33', 0, 1, 'REIK', 0),
(269, 181, 13, '2015-02-23', '2015-02-22', '14:24:00', '10:30:00', NULL, 'HOTEL SHERATON MIRAMAR', 47, 6, 'REIK, CARLOS LOPEZ', NULL, 68981085, 'QUINTA VERGARA', 47, '', '', 'TRASLADO ARTISTA SPRINTER VIP', 8, 19, '112', 0, 1, 'REIK', 0),
(270, 181, 13, '2015-02-23', '2015-02-22', '14:27:00', '10:30:00', NULL, 'HOTEL SHERATON MIRAMAR', 47, 6, 'STAFF REIK, CARLOS LOPEZ', NULL, 68981085, 'QUINTA VERGARA', 47, '', '', '', 8, 9, '17', 0, 1, 'REIK', 0),
(271, 181, 13, '2015-02-23', '2015-02-22', '14:29:00', '20:00:00', NULL, 'HOTEL DIEGO DE ALMAGRO', 47, 15, 'TECNICOS RICARDO ARJONA, DIEGO SUAREZ', NULL, 82601031, 'QUINTA VERGARA', 47, '', '', 'CARTEL "B1"', 8, 8, '45', 0, 1, 'RICARDO ARJONA', 0),
(272, 181, 13, '2015-02-23', '2015-02-22', '14:33:00', '20:00:00', NULL, 'HOTEL DIEGO DE ALMAGRO', 47, 15, 'TECNICOS RICARDO ARJONA, DIEGO SUAREZ', NULL, 82601031, 'QUINTA VERGARA', 47, '', '', 'CARTEL "B2"', 8, 8, '0', 0, 1, 'RICARDO ARJONA', 0),
(273, 181, 13, '2015-02-23', '2015-02-22', '14:34:00', '20:30:00', NULL, 'HOTEL DIEGO DE ALMAGRO', 47, 15, 'STAFF RICARDO ARJONA, DIEGO SUAREZ', NULL, 82601031, 'QUINTA VERGARA', 47, '', '', 'CARTEL "B3"', 8, 8, '57', 0, 1, 'RICARDO ARJONA', 0),
(274, 181, 13, '2015-02-23', '2015-02-22', '14:36:00', '22:00:00', NULL, 'HOTEL DIEGO DE ALMAGRO', 47, 12, 'TECNICOS REIK, CARLOS LOPEZ', NULL, 68981085, 'QUINTA VERGARA', 47, '', '', '', 8, 8, '0', 0, 1, 'REIK', 0),
(275, 181, 13, '2015-02-23', '2015-02-22', '14:43:00', '23:00:00', NULL, 'HOTEL DIEGO DE ALMAGRO', 47, 12, 'MÚSICOS REIK, CARLOS LOPEZ', NULL, 68981085, 'QUINTA VERGARA', 47, '', '', '', 8, 8, '0', 0, 1, 'REIK', 0),
(276, 181, 13, '2015-02-23', '2015-02-22', '14:46:00', '23:00:00', NULL, 'HOTEL SHERATON MIRAMAR', 47, 6, 'REIK, CARLOS LOPEZ', NULL, 68981085, 'QUINTA VERGARA', 47, '', '', 'SPRINTER VIP', 8, 8, '40', 0, 1, 'REIK', 0),
(277, 181, 13, '2015-02-23', '2015-02-22', '14:47:00', '23:00:00', NULL, 'HOTEL SHERATON MIRAMAR', 47, 6, 'STAFF REIK, CARLOS LOPEZ', NULL, 68981085, 'QUINTA VERGARA', 47, '', '', '', 8, 9, '0', 0, 1, 'REIK', 0),
(278, 181, 13, '2015-02-22', '2015-02-22', '16:06:00', '20:15:00', NULL, 'SAN MARTíN  605,ESQUINA 7 NORTE', 47, 1, 'PILAR RODRIGUEZ', NULL, 89268749, 'QUINTA VERGARA', 47, '', '', '', 8, 9, '0', 0, 1, 'MODELO', 0),
(279, 181, 13, '2015-02-22', '2015-02-22', '16:26:00', '21:30:00', NULL, 'HOTEL SHERATON MIRAMAR', 47, 1, 'FRANCISCO VARGAS', NULL, 82595365, 'QUINTA VERGARA', 47, '', '', '', 17, 9, '0', 0, 1, 'OPERACIONES', 0),
(280, 180, 13, '2015-02-23', '2015-02-22', '16:48:00', '13:00:00', NULL, 'HOTEL SHERATON MIRAMAR', 47, 1, 'KIKA SILVA, CONFERENCIA PRENSA', NULL, 85965700, 'HOTEL SHERATON MIRAMAR', 47, '', '', '', 17, 19, '65', 0, 1, 'INTERNET', 0),
(281, 181, 13, '2015-02-22', '2015-02-22', '17:02:00', '20:03:00', NULL, 'HOTEL SAN MARTIN', 47, 6, 'LORENA BURGOS', NULL, 82595359, 'QUINTA VERGARA', 47, '', '', '', 8, 9, '0', 0, 1, 'COMERCIAL', 0),
(282, 181, 13, '2015-02-22', '2015-02-22', '17:06:00', '20:20:00', NULL, 'SAN MARTIN 236,ESQUINA 3 NORTE', 47, 1, 'ROBERTO TRUJILLO', NULL, 91997281, 'QUINTA VERGARA', 47, '', '', '', 8, 9, '0', 0, 1, 'ORQUESTA', 0),
(283, 181, 13, '2015-02-22', '2015-02-22', '17:08:00', '20:20:00', NULL, 'AV VIANA 1155 DEPTO 202', 47, 10, 'JORGE DIAZ', NULL, 75220455, 'QUINTA VERGARA', 47, '', '', '', 8, 8, '0', 0, 1, 'ORQUESTA', 0),
(284, 2, 13, '2015-02-22', '2015-02-22', '17:28:00', '22:00:00', NULL, 'HOTEL DIEGO DE ALMAGRO', 47, 10, 'YANDEL TECNICOS , DANY MOYA', NULL, 66556203, 'QUINTA VERGARA', 47, '', '', '', 8, 8, '0', 0, 1, 'YANDEL', 0),
(285, 2, 13, '2015-02-22', '2015-02-22', '17:29:00', '23:00:00', NULL, 'HOTEL DIEGO DE ALMAGRO', 47, 10, 'MUSICOS Y BAILARINES, DANY MOYA', NULL, 66556203, 'QUINTA VERGARA', 47, '', '', '', 8, 8, '0', 0, 1, 'YANDEL', 0),
(286, 2, 13, '2015-02-22', '2015-02-22', '17:31:00', '23:00:00', NULL, 'HOTEL SHERATON MIRAMAR', 47, 4, 'YANDEL, DANY MOYA', NULL, 66556203, 'QUINTA VERGARA', 47, '', '', '', 8, 20, '0', 0, 1, 'YANDEL', 0),
(287, 2, 13, '2015-02-22', '2015-02-22', '17:32:00', '23:00:00', NULL, 'HOTEL SHERATON MIRAMAR', 47, 4, 'YANDEL, DANNY MOYA (ATACHE), DANY MOYA', NULL, 66556203, 'QUINTA VERGARA', 47, '', '', '', 8, 21, '0', 0, 1, 'YANDEL', 0),
(288, 181, 13, '2015-02-23', '2015-02-22', '17:40:00', '06:45:00', NULL, 'HOTEL O HIGGINS', 47, 12, 'AUDIO, MAQUILLAJE, PELUQUERIA Y VESTUARIO, IGNACIO', NULL, 65995904, 'HOTEL SHERATON MIRAMAR', 47, '', '', '', 17, 8, '54', 0, 1, 'SATELITE', 0),
(289, 181, 13, '2015-02-23', '2015-02-22', '17:42:00', '06:45:00', NULL, 'HOTEL O HIGGINS', 47, 6, 'TRAMOYA, GC Y UTILEROS, IGNACIO URRUTIA', NULL, 65995904, 'HOTEL SHERATON MIRAMAR', 47, '', '', '', 17, 9, '45', 0, 1, 'SATELITE', 0),
(290, 181, 13, '2015-02-23', '2015-02-22', '17:44:00', '06:45:00', NULL, 'HOTEL MARINA DEL REY', 47, 12, 'ILUMINACION, CAMARA Y CONTROL VIDEO, IGNACIO URRUT', NULL, 65995904, 'HOTEL SHERATON MIRAMAR', 47, '', '', '', 17, 8, '149', 0, 1, 'SATELITE', 0),
(291, 181, 13, '2015-02-23', '2015-02-22', '17:45:00', '09:45:00', NULL, 'HOTEL SAN MARTIN', 47, 7, 'SEBASTIAN VALLEJOS, STAFF FIEBRE DE VIÑA', NULL, 57594998, 'HOTEL SHERATON MIRAMAR', 47, '', '', '', 17, 9, '24', 0, 1, 'FIEBRE DE VIÑA', 0),
(292, 2, 13, '2015-02-23', '2015-02-22', '19:11:00', '09:30:00', NULL, 'HOTEL DIEGO DE ALMAGRO', 47, 1, 'MANAGER ALEJANDRO FERNANDEZ', NULL, 0, 'QUINTA VERGARA', 47, '', '', '', 8, 9, '14', 0, 1, 'ALEJANDRO FERNANDEZ', 0),
(293, 2, 13, '2015-02-23', '2015-02-22', '20:49:00', '14:00:00', NULL, 'HOTEL DIEGO DE ALMAGRO', 47, 10, 'STAFF RICARDO ARJONA, DIEGO SUAREZ', NULL, 0, 'QUINTA VERGARA', 47, '', '', 'LLEVA CARTEL', 8, 8, '0', 0, 1, 'RICARDO ARJONA', 0),
(294, 2, 13, '2015-02-23', '2015-02-22', '20:49:00', '14:00:00', NULL, 'HOTEL DIEGO DE ALMAGRO', 47, 10, 'STAFF RICARDO ARJONA, DIEGO SUAREZ', NULL, 0, 'QUINTA VERGARA', 47, '', '', '', 8, 8, '0', 0, 1, 'RICARDO ARJONA', 0),
(295, 2, 13, '2015-02-23', '2015-02-22', '23:02:00', '02:50:00', NULL, 'HOTEL O HIGGINS', 47, 2, 'CRISTOBAL FRIGUERIO', NULL, 0, 'HOTEL SHERATON MIRAMAR', 47, '', '', '', 17, 9, '0', 0, 1, 'EDICION', 0),
(296, 2, 13, '2015-02-23', '2015-02-22', '23:07:00', '08:00:00', NULL, 'AV BORGOÑO 17310 COCHOA', 47, 6, 'DANIEL CHIANG', NULL, 87370114, 'QUINTA VERGARA', 47, '', '', '', 8, 9, '48', 0, 1, 'ORQUESTA', 0),
(297, 2, 13, '2015-02-23', '2015-02-22', '23:12:00', '09:00:00', NULL, 'AV SAN MARTIN 236 ESQUINA 3 NORTE', 47, 2, 'ROBERTO TRUJILLO', NULL, 91997281, 'QUINTA VERGARA', 47, '', '', '', 8, 9, '5', 0, 1, 'ORQUESTA', 0),
(298, 2, 13, '2015-02-23', '2015-02-22', '23:13:00', '09:00:00', NULL, 'AV VIANA 1155 DEPTO 202', 47, 10, 'JORGE DIAZ', NULL, 75520455, 'QUINTA VERGARA', 47, '', '', '', 8, 8, '39', 0, 1, 'ORQUESTA', 0),
(299, 2, 13, '2015-02-23', '2015-02-23', '02:11:00', '08:00:00', NULL, 'HOTEL DIEGO DE ALMAGRO', 47, 1, 'FRANCO EL GORILA, CAROLA SOLOZA', NULL, 0, 'AEROPUERTO SANTIAGO', 24, '', '', '', 2, 19, '108', 0, 1, 'LUIS FONSI', 0),
(300, 2, 13, '2015-02-23', '2015-02-23', '02:15:00', '07:30:00', NULL, 'HOTEL DIEGO DE ALMAGRO', 47, 1, 'EDITH', NULL, 0, 'QUINTA VERGARA', 47, '', '', '', 8, 9, '144', 0, 1, 'RICARDO ARJONA', 0),
(301, 181, 13, '2015-02-23', '2015-02-23', '11:10:00', '15:00:00', NULL, 'HOTEL DIEGO DE ALMAGRO', 47, 1, 'GABY MORENO, DIEGO SUAREZ', NULL, 53963777, 'QUINTA VERGARA', 47, '', '', '', 8, 9, '0', 0, 1, 'RICARDO ARJONA', 0),
(302, 181, 13, '2015-02-23', '2015-02-23', '11:12:00', '19:30:00', NULL, 'HOTEL DIEGO DE ALMAGRO', 47, 12, 'MUSICOS RICARDO ARJONA, DIEGO SUAREZ', NULL, 53963777, 'QUINTA VERGARA', 47, '', '', '', 8, 8, '54', 0, 1, 'RICARDO ARJONA', 0),
(303, 181, 13, '2015-02-24', '2015-02-23', '11:24:00', '06:45:00', NULL, 'HOTEL O HIGGINS', 47, 12, 'AUDIO, MAQUILLAJE, PELUQUERIA Y VESTUARIO, IGNACIO', NULL, 65995904, 'HOTEL SHERATON MIRAMAR', 47, '', '', '', 17, 8, '45', 0, 1, 'SATELITE', 0),
(304, 181, 13, '2015-02-25', '2015-02-23', '11:26:00', '06:45:00', NULL, 'HOTEL O HIGGINS', 47, 12, 'AUDIO, MAQUILLAJE, PELUQUERIA Y VESTUARIO, IGNACIO', NULL, 65995904, 'HOTEL SHERATON MIRAMAR', 47, '', '', '', 17, 8, '53', 0, 1, 'SATELITE', 0),
(305, 181, 13, '2015-02-26', '2015-02-23', '11:29:00', '06:45:00', NULL, 'HOTEL O HIGGINS', 47, 12, 'AUDIO, MAQUILLAJE, PELUQUERIA Y VESTUARIO, IGNACIO', NULL, 65995904, 'HOTEL SHERATON MIRAMAR', 47, '', '', '', 17, 8, '45', 0, 1, 'SATELITE', 0),
(306, 181, 13, '2015-02-27', '2015-02-23', '11:34:00', '06:45:00', NULL, 'HOTEL O HIGGINS', 47, 12, 'AUDIO, MAQUILLAJE, PELUQUERIA Y VESTUARIO, IGNACIO', NULL, 65995904, 'HOTEL SHERATON MIRAMAR', 47, '', '', '', 17, 8, '53', 0, 1, 'SATELITE', 0),
(308, 181, 13, '2015-02-24', '2015-02-23', '11:44:00', '06:45:00', NULL, 'HOTEL O HIGGINS', 47, 7, 'TRAMOYA, GC Y UTILEROS, IGNACIO URRUTIA', NULL, 65995904, 'HOTEL SHERATON MIRAMAR', 47, '', '', '', 17, 9, '53', 0, 1, 'SATELITE', 0),
(310, 181, 13, '2015-02-25', '2015-02-23', '11:47:00', '06:45:00', NULL, 'HOTEL O HIGGINS', 47, 7, 'TRAMOYA, GC Y UTILEROS, IGNACIO URRUTIA', NULL, 65995904, 'HOTEL SHERATON MIRAMAR', 47, '', '', '', 17, 9, '46', 0, 1, 'SATELITE', 0),
(311, 181, 13, '2015-02-26', '2015-02-23', '11:48:00', '06:45:00', NULL, 'HOTEL O HIGGINS', 47, 7, 'TRAMOYA, GC Y UTILEROS, IGNACIO URRUTIA', NULL, 65995904, 'HOTEL SHERATON MIRAMAR', 47, '', '', '', 17, 9, '53', 0, 1, 'SATELITE', 0),
(312, 181, 13, '2015-02-27', '2015-02-23', '11:50:00', '06:45:00', NULL, 'HOTEL O HIGGINS', 47, 7, 'TRAMOYA, GC Y UTILEROS, IGNACIO URRUTIA', NULL, 65995904, 'HOTEL SHERATON MIRAMAR', 47, '', '', '', 17, 9, '45', 0, 1, 'SATELITE', 0),
(315, 2, 13, '2015-02-23', '2015-02-23', '11:53:00', '01:00:00', NULL, 'HOTEL DIEGO DE ALMAGRO', 47, 40, 'GRUPO LUIS FONSI', NULL, 0, 'AEROPUERTO SANTIAGO', 24, '', '', '', 2, 16, '123', 0, 1, 'LUIS FONSI (BAILARINA)', 0),
(316, 2, 13, '2015-02-23', '2015-02-23', '12:16:00', '05:00:00', NULL, 'HOTEL DIEGO DE ALMAGRO', 47, 0, 'CARGA LUIS FONSI', NULL, 0, 'AEROPUERTO SANTIAGO', 24, 'LAN 164', '', '', 2, 6, '143', 250000, 0, 'LUIS FONSI', 1),
(317, 2, 13, '2015-02-23', '2015-02-23', '12:18:00', '10:00:00', NULL, 'HOTEL SHERATON MIRAMAR', 47, 4, 'LUIS FONSI', NULL, 0, 'AEROPUERTO SANTIAGO', 24, '', '', '', 2, 21, '140', 0, 1, 'LUIS FONSI', 0),
(318, 2, 13, '2015-02-23', '2015-02-23', '12:21:00', '10:00:00', NULL, 'HOTEL SHERATON MIRAMAR', 47, 1, 'LUIS FONSI CARGA', NULL, 0, 'AEROPUERTO SANTIAGO', 24, '', '', '', 2, 12, '136', 125000, 0, 'LUIS FONSI', 1),
(319, 2, 13, '2015-02-23', '2015-02-23', '12:27:00', '12:00:00', NULL, 'HOTEL SHERATON MIRAMAR', 47, 4, 'YANDELL VEGUILLA', NULL, 0, 'AEROPUERTO SANTIAGO', 24, '', '', '', 2, 21, '66', 0, 1, 'YANDEL', 0),
(320, 2, 13, '2015-02-21', '2015-02-23', '12:29:00', '12:00:00', '20:00:00', 'AEROPUERTO SANTIAGO', 24, 4, 'STAFF YANDEL', NULL, 0, 'HOTEL SHERATON MIRAMAR', 47, '', '', '', 3, 20, '133', 200000, 0, 'YANDEL', 1),
(322, 2, 13, '2015-02-23', '2015-02-23', '12:33:00', '12:00:00', NULL, 'HOTEL SHERATON MIRAMAR', 47, 1, 'CARGA', NULL, 0, 'AEROPUERTO SANTIAGO', 24, '', '', '', 2, 12, '126', 125000, 0, 'YANDEL', 1),
(323, 181, 13, '2015-02-24', '2015-02-23', '12:04:00', '06:45:00', NULL, 'HOTEL MARINA DEL REY', 47, 12, 'ILUMINACION, CAMARA Y CONTROL VIDEO, IGNACIO URRUT', NULL, 65995904, 'HOTEL SHERATON MIRAMAR', 47, '', '', '', 17, 8, '149', 0, 1, 'SATELITE', 0),
(324, 181, 13, '2015-02-25', '2015-02-23', '12:34:00', '06:45:00', NULL, 'HOTEL MARINA DEL REY', 47, 12, 'ILUMINACION, CAMARA Y CONTROL VIDEO, IGNACIO URRUT', NULL, 65995904, 'HOTEL SHERATON MIRAMAR', 47, '', '', '', 17, 8, '149', 0, 1, 'SATELITE', 0),
(325, 181, 13, '2015-02-26', '2015-02-23', '12:36:00', '06:45:00', NULL, 'HOTEL MARINA DEL REY', 47, 12, 'ILUMINACION, CAMARA Y CONTROL VIDEO, IGNACIO URRUT', NULL, 65995904, 'HOTEL SHERATON MIRAMAR', 47, '', '', '', 17, 8, '149', 0, 1, 'SATELITE', 0),
(326, 2, 13, '2015-02-23', '2015-02-23', '12:47:00', '05:00:00', NULL, 'HOTEL DIEGO DE ALMAGRO', 47, 40, 'GRUPO LUIS FONSI', NULL, 0, 'AEROPUERTO SANTIAGO', 24, '', '', '', 2, 16, '123', 0, 1, 'LUIS FONSI', 0),
(327, 181, 13, '2015-02-27', '2015-02-23', '12:45:00', '06:45:00', NULL, 'HOTEL MARINA DEL REY', 47, 12, 'ILUMINACION, CAMARA Y CONTROL VIDEO, IGNACIO URRUT', NULL, 65995904, 'HOTEL SHERATON MIRAMAR', 47, '', '', '', 17, 8, '149', 0, 1, 'SATELITE', 0),
(329, 2, 13, '2015-02-23', '2015-02-23', '12:53:00', '12:00:00', NULL, 'HOTEL DIEGO DE ALMAGRO', 47, 0, 'CARGA YANDEL', NULL, 0, 'AEROPUERTO SANTIAGO', 24, '', '', '', 5, 6, '71', 235000, 0, 'YANDEL', 1),
(330, 181, 13, '2015-02-24', '2015-02-23', '12:57:00', '07:30:00', NULL, 'HOTEL SAN MARTIN', 47, 1, 'JONY NAVARRETE', NULL, 75047898, 'PARADERO 6 AGUA SANTA,ANTENA CHV', 47, '', '', '', 17, 9, '19', 0, 1, 'SATELITE', 0),
(331, 181, 13, '2015-02-25', '2015-02-23', '13:26:00', '07:30:00', NULL, 'HOTEL SAN MARTIN', 47, 1, 'JONY NAVARRETE', NULL, 75047898, 'PARADERO 6 AGUA SANTA,ANTENA CHV', 47, '', '', '', 17, 9, '19', 0, 1, 'SATELITE', 0),
(332, 2, 13, '2015-02-23', '2015-02-23', '13:28:00', '12:00:00', NULL, 'HOTEL DIEGO DE ALMAGRO', 47, 10, 'STAFF YANDEL', NULL, 0, 'HOTEL MARRIOTT', 1, '', '', '', 5, 8, '38', 125000, 0, 'YANDEL', 0),
(333, 181, 13, '2015-02-26', '2015-02-23', '13:28:00', '07:30:00', NULL, 'HOTEL SAN MARTIN', 47, 1, 'JONY NAVARRETE', NULL, 75047898, 'PARADERO 6 AGUA SANTA,ANTENA CHV', 47, '', '', '', 17, 9, '19', 0, 1, 'SATELITE', 0),
(334, 181, 13, '2015-02-27', '2015-02-23', '13:30:00', '07:30:00', NULL, 'HOTEL SAN MARTIN', 47, 1, 'JONY NAVARRETE', NULL, 75047898, 'PARADERO 6 AGUA SANTA,ANTENA CHV', 47, '', '', '', 17, 9, '19', 0, 1, 'SATELITE', 0),
(336, 2, 13, '2015-02-23', '2015-02-23', '13:38:00', '12:00:00', NULL, 'HOTEL DIEGO DE ALMAGRO', 47, 15, 'GRUPO YANDELL', NULL, 0, 'HOTEL MARRIOTT', 1, '', '', '', 5, 8, '137', 125000, 0, 'YANDEL', 0),
(337, 2, 13, '2015-02-23', '2015-02-23', '13:44:00', '01:05:00', NULL, 'AEROPUERTO SANTIAGO', 24, 1, 'FABIAN HERRERA', NULL, 0, 'HOTEL DIEGO DE ALMAGRO', 47, '', '', '', 3, 9, '98', 110000, 0, 'ALEJANDRO FERNANDEZ', 1),
(338, 181, 13, '2015-02-23', '2015-02-23', '13:51:00', '20:00:00', NULL, 'SAN MARTíN  605,ESQUINA 7 NORTE', 47, 1, 'PILAR RODRIGUEZ', NULL, 89268749, 'QUINTA VERGARA', 47, '', '', '', 8, 9, '25', 0, 1, 'MODELO', 0),
(339, 2, 13, '2015-02-23', '2015-02-23', '13:54:00', '06:00:00', NULL, 'AEROPUERTO SANTIAGO', 24, 2, 'LUIS LOPEZ LUIS GOMEZ', NULL, 0, 'HOTEL DIEGO DE ALMAGRO', 47, '', '', '', 3, 9, '101', 0, 0, 'EMMANUEL', 0),
(340, 180, 13, '2015-02-23', '2015-02-23', '13:25:00', '17:30:00', NULL, 'SAN IGNACIO DE LOYOLA 633', 7, 5, 'JORGE OCSA, JOSE SOTO', NULL, 56915996, 'HOTEL O HIGGINS', 47, '', '', 'RETIRA AL PRIMER PASAJERO PASAJERO Y LUEGO HACE RUTA:\r\n* CALLE SAN DAMIAN 583, LAS CONDES.\r\n* ALSACIA 100, LAS CONDES.\r\n* MARCHANT PEREIRA 1931, PROVIDENCIA.', 11, 8, '134', 165000, 0, 'COMPETENCIA', 1),
(341, 2, 13, '2015-02-23', '2015-02-23', '14:43:00', '06:00:00', NULL, 'AEROPUERTO SANTIAGO', 24, 13, 'CULTURAL PROFETICA', NULL, 0, 'HOTEL W', 1, '', '', '', 20, 8, '79', 0, 0, 'CULTURA PROFETICA', 0),
(342, 181, 13, '2015-02-23', '2015-02-23', '15:26:00', '18:30:00', NULL, 'HOTEL GALA', 47, 3, 'PAULINA GUTIERREZ, CAROLINA MESTROVIC; ANDRES CANI', NULL, 91586699, 'HOTEL SHERATON MIRAMAR', 47, '', '', '', 17, 9, '25', 0, 1, 'ANIMADORES BACKSTAGE', 0),
(343, 2, 13, '2015-02-23', '2015-02-23', '15:58:00', '06:20:00', NULL, 'AEROPUERTO SANTIAGO', 24, 18, 'CARGA CULTURA PROFETICA', NULL, 0, 'HOTEL SHERATON', 47, '', '', '', 20, 12, '136', 0, 1, 'CULTURA PROFETICA', 0),
(345, 2, 13, '2015-02-23', '2015-02-23', '16:03:00', '06:35:00', NULL, 'AEROPUERTO SANTIAGO', 24, 60, 'GRUPO ALEJANDRO FERNANDEZ', NULL, 0, 'HOTEL DIEGO DE ALMAGRO', 47, 'LAN 5911', '', '', 3, 16, '', 0, 0, 'ALEJANDRO FERNANDEZ', 0),
(346, 2, 13, '2015-02-23', '2015-02-23', '16:03:00', '06:35:00', NULL, 'AEROPUERTO SANTIAGO', 24, 0, 'CARGA, GRUPO ALEJANDRO FERNANDEZ', NULL, 0, 'HOTEL DIEGO DE ALMAGRO', 47, 'LAN 5911', '', '', 3, 6, '71', 250000, 0, 'ALEJANDRO FERNANDEZ', 1),
(347, 2, 13, '2015-02-23', '2015-02-23', '16:06:00', '06:50:00', NULL, 'AEROPUERTO SANTIAGO', 24, 40, 'GRUPO EMANUEL', NULL, 0, 'HOTEL DIEGO DE ALMAGRO', 47, '', '', '', 3, 16, '123', 0, 0, 'EMMANUEL', 0),
(348, 181, 13, '2015-02-24', '2015-02-23', '15:51:00', '10:45:00', NULL, 'HOTEL SAN MARTIN', 47, 6, 'SEBASTIAN VALLEJOS, STAFF FIEBRE DE VIÑA', NULL, 57594998, 'HOTEL SHERATON MIRAMAR', 47, '', '', '', 17, 9, '17', 0, 1, 'SATELITE', 0),
(349, 180, 13, '2015-02-23', '2015-02-23', '16:13:00', '20:20:00', NULL, 'AV SAN MARTIN 236 ESQUINA 3 NORTE', 47, 3, 'ROBERTO TRUJULLO', NULL, 91997281, 'QUINTA VERGARA', 47, '', '', '', 8, 9, '16', 0, 1, 'ORQUESTA', 0),
(350, 2, 13, '2015-02-23', '2015-02-23', '16:13:00', '06:50:00', NULL, 'AEROPUERTO SANTIAGO', 24, 2, 'CARGA EMANUEL', NULL, 0, 'HOTEL DIEGO DE ALMAGRO', 47, 'LAN 621', '', '', 3, 12, '71', 125000, 0, 'EMMANUEL', 1),
(351, 180, 13, '2015-02-23', '2015-02-23', '16:14:00', '20:30:00', NULL, 'AV VIANA 1155 DEPTO 202', 47, 10, 'JORGE DIAZ', NULL, 75520455, 'QUINTA VERGARA', 47, '', '', '', 8, 9, '52', 0, 1, 'ORQUESTA', 0),
(357, 2, 13, '2015-02-24', '2015-02-23', '16:39:00', '02:00:00', NULL, 'QUINTA VERGARA', 47, 1, 'JORGE GUADALUPE', NULL, 0, 'AEROPUERTO SANTIAGO', 24, 'CM 112', '', '', 2, 19, '116', 0, 1, 'RICARDO ARJONA', 0),
(358, 181, 13, '2015-02-24', '2015-02-23', '16:36:00', '20:00:00', NULL, 'SAN MARTíN  605,ESQUINA 7 NORTE', 47, 1, 'PILAR RODRIGUEZ', NULL, 89268749, 'QUINTA VERGARA', 47, '', '', '', 8, 19, '108', 0, 1, 'MODELO', 0),
(359, 2, 13, '2015-02-23', '2015-02-23', '16:52:00', '17:00:00', NULL, 'HOTEL DIEGO DE ALMAGRO', 47, 3, 'BARBARA MOSCOSO                                 DA', NULL, 0, 'AEROPUERTO SANTIAGO', 24, 'AA 7700', '', '', 2, 9, '126', 0, 1, 'LUIS FONSI', 0),
(360, 181, 13, '2015-02-25', '2015-02-23', '17:02:00', '20:00:00', NULL, 'SAN MARTíN  605,ESQUINA 7 NORTE', 47, 1, 'PILAR RODRIGUEZ', NULL, 89268749, 'QUINTA VERGARA', 47, '', '', '', 8, 19, '113', 0, 1, 'MODELO', 0),
(361, 181, 13, '2015-02-26', '2015-02-23', '17:07:00', '20:00:00', NULL, 'SAN MARTíN  605,ESQUINA 7 NORTE', 47, 1, 'PILAR RODRIGUEZ', NULL, 89268749, 'QUINTA VERGARA', 47, '', '', '', 8, 19, '113', 0, 1, 'MODELO', 0),
(362, 2, 13, '2015-02-23', '2015-02-23', '17:11:00', '18:45:00', NULL, 'AV BORGOÑO 17310 COCHOA', 47, 8, 'DANIEL CHIANG', NULL, 87370114, 'QUINTA VERGARA', 47, '', '', '', 17, 8, '18', 0, 1, 'ORQUESTA', 0),
(363, 180, 13, '2015-02-24', '2015-02-23', '17:12:00', '03:00:00', NULL, 'HOTEL DIEGO DE ALMAGRO', 47, 10, 'TECNICOS, DANNY MOYA (ATACHE)', NULL, 66556203, 'QUINTA VERGARA', 47, '', '', '', 8, 8, '49', 0, 1, 'ALEJANDRO FERNANDEZ', 0),
(364, 181, 13, '2015-02-27', '2015-02-23', '17:09:00', '20:00:00', NULL, 'SAN MARTíN  605,ESQUINA 7 NORTE', 47, 1, 'PILAR RODRIGUEZ', NULL, 89268749, 'QUINTA VERGARA', 47, '', '', '', 8, 19, '113', 0, 1, 'SATELITE', 0),
(365, 180, 13, '2015-02-24', '2015-02-23', '17:13:00', '05:00:00', NULL, 'HOTEL DIEGO DE ALMAGRO', 47, 10, 'TECNICOS, PAULINA ORTEGA (ATACHE)', NULL, 68981958, 'QUINTA VERGARA', 47, '', '', '', 8, 8, '46', 0, 1, 'EMMANUEL', 0),
(366, 180, 13, '2015-02-24', '2015-02-23', '17:19:00', '05:30:00', NULL, 'HOTEL DIEGO DE ALMAGRO', 47, 5, 'TECNICOS, CARLOS LOPEZ', NULL, 68981958, 'QUINTA VERGARA', 47, '', '', '', 8, 9, '8', 0, 1, 'NICOLE', 0),
(367, 180, 13, '2015-02-24', '2015-02-23', '17:22:00', '06:30:00', NULL, 'HOTEL DIEGO DE ALMAGRO', 45, 5, 'TECNICOS, CARLOS LOPEZ', NULL, 68981958, 'QUINTA VERGARA', 47, '', '', '', 8, 9, '46', 0, 1, 'NICOLE', 0),
(368, 180, 13, '2015-02-24', '2015-02-23', '17:25:00', '08:30:00', NULL, 'HOTEL DIEGO DE ALMAGRO', 45, 10, 'TECNICOS, DANNY MOYA (ATACHE)', NULL, 66556203, 'QUINTA VERGARA', 47, '', '', '', 8, 8, '57', 0, 1, 'ALEJANDRO FERNANDEZ', 0),
(369, 180, 13, '2015-02-24', '2015-02-23', '17:26:00', '08:00:00', NULL, 'HOTEL DIEGO DE ALMAGRO', 45, 10, 'TECNICOS, PAULINA ORTEGA (ATACHE)', NULL, 68981958, 'QUINTA VERGARA', 47, '', '', '', 8, 8, '50', 0, 1, 'EMMANUEL', 0),
(370, 180, 13, '2015-02-24', '2015-02-23', '17:28:00', '10:00:00', NULL, 'HOTEL DIEGO DE ALMAGRO', 45, 10, 'TECNICOS, CARLOS LOPEZ', NULL, 68981958, 'QUINTA VERGARA', 47, '', '', '', 8, 9, '39', 0, 1, 'NICOLE', 0),
(371, 180, 13, '2015-02-24', '2015-02-23', '17:30:00', '10:30:00', NULL, 'HOTEL SHERATON MIRAMAR', 47, 3, 'NICOLE, CARLOS LOPEZ', NULL, 68981958, 'QUINTA VERGARA', 47, '', '', '', 8, 19, '115', 0, 1, 'NICOLE', 0),
(372, 180, 13, '2015-02-24', '2015-02-23', '17:31:00', '15:00:00', NULL, 'HOTEL DIEGO DE ALMAGRO', 45, 10, 'MUSICOS, DANNY MOYA (ATACHE)', NULL, 66556203, 'QUINTA VERGARA', 47, '', '', '', 8, 8, '51', 0, 1, 'ALEJANDRO FERNANDEZ', 0),
(373, 180, 13, '2015-02-24', '2015-02-23', '17:32:00', '15:00:00', NULL, 'HOTEL DIEGO DE ALMAGRO', 45, 10, 'MUSICOS, DANNY MOYA (ATACHE)', NULL, 66556203, 'QUINTA VERGARA', 47, '', '', '', 8, 8, '38', 0, 1, 'ALEJANDRO FERNANDEZ', 0),
(374, 180, 13, '2015-02-24', '2015-02-23', '17:34:00', '15:00:00', NULL, 'HOTEL DIEGO DE ALMAGRO', 45, 10, 'MUSICOS, DANNY MOYA (ATACHE)', NULL, 66556203, 'QUINTA VERGARA', 47, '', '', '', 8, 8, '0', 0, 1, 'ALEJANDRO FERNANDEZ', 0),
(375, 2, 13, '2015-02-24', '2015-02-23', '17:31:00', '06:18:00', NULL, 'AEROPUERTO SANTIAGO', 24, 19, 'CULTURAL PROFETICA', NULL, 0, 'HOTEL DIEGO DE ALMAGRO', 47, 'AV 097', '', '', 3, 8, '92', 125000, 0, 'CULTURA PROFETICA', 1),
(376, 180, 13, '2015-02-24', '2015-02-23', '17:35:00', '15:30:00', NULL, 'HOTEL SHERATON MIRAMAR', 47, 5, 'ALEJANDRO FERNANDEZ, DANNY MOYA (ATACHE)', NULL, 66556203, 'QUINTA VERGARA', 47, '', '', '', 8, 21, '0', 0, 1, 'ALEJANDRO FERNANDEZ', 0),
(377, 180, 13, '2015-02-24', '2015-02-23', '17:37:00', '15:30:00', NULL, 'HOTEL SHERATON MIRAMAR', 47, 3, 'ALEJANDRO FERNANDEZ, DANNY MOYA (ATACHE)', NULL, 66556203, 'QUINTA VERGARA', 47, '', '', '', 8, 21, '0', 0, 1, 'ALEJANDRO FERNANDEZ', 0),
(378, 180, 13, '2015-02-24', '2015-02-23', '17:38:00', '15:30:00', NULL, 'HOTEL SHERATON MIRAMAR', 47, 5, 'ALEJANDRO FERNANDEZ, DANNY MOYA (ATACHE)', NULL, 66556203, 'QUINTA VERGARA', 47, '', '', '', 8, 20, '101', 0, 1, 'ALEJANDRO FERNANDEZ', 0),
(380, 2, 13, '2015-02-24', '2015-02-23', '17:39:00', '06:18:00', NULL, 'AEROPUERTO SANTIAGO', 24, 0, 'CARGA, CULTURA PROFETICA', NULL, 0, 'HOTEL DIEGO DE ALMAGRO', 47, 'AV 097', '', '', 3, 6, '143', 250000, 0, 'CULTURA PROFETICA', 1),
(381, 181, 13, '2015-02-24', '2015-02-23', '17:36:00', '10:15:00', NULL, 'HOTEL SAN MARTIN', 47, 2, 'NATALIA GONZALEZ', NULL, 89118559, 'HOTEL GALA', 47, '', '', '', 17, 19, '112', 0, 1, 'COMERCIAL', 0),
(382, 2, 13, '2015-02-24', '2015-02-23', '17:40:00', '06:50:00', NULL, 'AEROPUERTO SANTIAGO', 24, 5, 'ALEXANDRE ANCHA', NULL, 0, 'HOTEL SHERATON MIRAMAR', 47, 'LAN 621', '', '', 3, 9, '37', 0, 0, 'EMMANUEL', 0),
(383, 181, 13, '2015-02-25', '2015-02-23', '17:42:00', '10:15:00', NULL, 'HOTEL SAN MARTIN', 47, 2, 'NATALIA GONZALEZ', NULL, 89118559, 'HOTEL GALA', 47, '', '', '', 17, 9, '24', 0, 1, 'COMERCIAL', 0),
(384, 2, 13, '2015-02-24', '2015-02-23', '17:44:00', '08:10:00', NULL, 'AEROPUERTO SANTIAGO', 24, 1, 'MARIA FERNANDA MALVITANIO', NULL, 0, 'HOTEL SHERATON MIRAMAR', 47, '', '', '', 3, 19, '108', 0, 1, 'VICENTICO', 0),
(385, 181, 13, '2015-02-26', '2015-02-23', '17:43:00', '10:15:00', NULL, 'HOTEL SAN MARTIN', 47, 2, 'NATALIA GONZALEZ', NULL, 89118559, 'HOTEL GALA', 47, '', '', '', 17, 19, '112', 0, 1, 'COMERCIAL', 0),
(386, 180, 13, '2015-02-24', '2015-02-23', '17:44:00', '20:00:00', NULL, 'HOTEL DIEGO DE ALMAGRO', 47, 10, 'TECNICOS, DANNY MOYA (ATACHE)', NULL, 66556203, 'QUINTA VERGARA', 47, '', '', '', 8, 8, '0', 0, 1, 'ALEJANDRO FERNANDEZ', 0),
(389, 181, 13, '2015-02-27', '2015-02-23', '17:44:00', '10:15:00', NULL, 'HOTEL SAN MARTIN', 47, 2, 'NATALIA GONZALEZ', NULL, 89118559, 'HOTEL GALA', 47, '', '', '', 17, 19, '112', 0, 1, 'COMERCIAL', 0),
(390, 180, 13, '2015-02-24', '2015-02-23', '17:45:00', '20:00:00', NULL, 'HOTEL DIEGO DE ALMAGRO', 45, 5, 'TECNICOS, DANNY MOYA (ATACHE)', NULL, 66556203, 'QUINTA VERGARA', 47, '', '', '', 8, 9, '0', 0, 1, 'ALEJANDRO FERNANDEZ', 0),
(391, 2, 13, '2015-02-24', '2015-02-23', '17:48:00', '10:10:00', NULL, 'AEROPUERTO SANTIAGO', 24, 1, 'EDGARDO SANTIAGO', NULL, 0, 'HOTEL SHERATON MIRAMAR', 47, 'LAN 400', '', '', 3, 9, '126', 110000, 0, 'CULTURA PROFETICA', 1),
(392, 180, 13, '2015-02-24', '2015-02-23', '17:48:00', '20:30:00', NULL, 'HOTEL DIEGO DE ALMAGRO', 45, 10, 'MUSICOS, DANNY MOYA (ATACHE)', NULL, 66556203, 'QUINTA VERGARA', 47, '', '', '', 8, 8, '0', 0, 1, 'ALEJANDRO FERNANDEZ', 0),
(394, 180, 13, '2015-02-24', '2015-02-23', '17:50:00', '20:30:00', NULL, 'HOTEL DIEGO DE ALMAGRO', 45, 5, 'MUSICOS, DANNY MOYA (ATACHE)', NULL, 66556203, 'QUINTA VERGARA', 47, '', '', '', 8, 9, '0', 0, 1, 'ALEJANDRO FERNANDEZ', 0),
(395, 180, 13, '2015-02-24', '2015-02-23', '17:51:00', '20:30:00', NULL, 'HOTEL SHERATON MIRAMAR', 47, 3, 'ALEJANDRO FERNANDEZ, DANNY MOYA (ATACHE)', NULL, 66556203, 'QUINTA VERGARA', 47, '', '', '', 8, 21, '156', 0, 1, 'ALEJANDRO FERNANDEZ', 0),
(396, 180, 13, '2015-02-24', '2015-02-23', '17:52:00', '20:30:00', NULL, 'HOTEL SHERATON MIRAMAR', 47, 3, 'ALEJANDRO FERNANDEZ, DANNY MOYA (ATACHE)', NULL, 66556203, 'QUINTA VERGARA', 47, '', '', '', 8, 21, '0', 0, 1, 'ALEJANDRO FERNANDEZ', 0),
(397, 180, 13, '2015-02-24', '2015-02-23', '17:54:00', '20:30:00', NULL, 'HOTEL SHERATON MIRAMAR', 47, 3, 'ALEJANDRO FERNANDEZ, DANNY MOYA (ATACHE)', NULL, 66556203, 'QUINTA VERGARA', 47, '', '', '', 8, 20, '157', 0, 1, 'ALEJANDRO FERNANDEZ', 0),
(398, 2, 13, '2015-02-24', '2015-02-23', '17:55:00', '12:00:00', NULL, 'AEROPUERTO SANTIAGO', 24, 2, 'LUIS FONSI CARGA', NULL, 0, 'HOTEL SHERATON MIRAMAR', 47, 'LAN 163', '', '', 3, 20, '101', 200000, 0, 'LUIS FONSI', 1),
(399, 180, 13, '2015-02-24', '2015-02-23', '17:55:00', '22:15:00', NULL, 'HOTEL DIEGO DE ALMAGRO', 45, 5, 'TECNICOS, CARLOS LOPEZ', NULL, 68981958, 'QUINTA VERGARA', 47, '', '', '', 8, 8, '25', 0, 1, 'NICOLE', 0),
(400, 180, 13, '2015-02-24', '2015-02-23', '17:57:00', '22:15:00', NULL, 'HOTEL DIEGO DE ALMAGRO', 47, 10, 'MUSICOS, CARLOS LOPEZ', NULL, 68981958, 'QUINTA VERGARA', 47, '', '', '', 8, 8, '40', 0, 1, 'NICOLE', 0),
(401, 2, 13, '2015-02-24', '2015-02-23', '17:57:00', '12:00:00', NULL, 'AEROPUERTO SANTIAGO', 24, 20, 'GRUPO LUIS FONSI', NULL, 0, 'HOTEL SHERATON MIRAMAR', 47, '', '', '', 3, 16, '123', 320000, 0, 'LUIS FONSI', 1),
(402, 180, 13, '2015-02-24', '2015-02-23', '17:58:00', '22:45:00', NULL, 'HOTEL SHERATON MIRAMAR', 47, 3, 'NICOLE, CARLOS LOPEZ', NULL, 68981958, 'QUINTA VERGARA', 47, '', '', '', 8, 19, '107', 0, 1, 'NICOLE', 0),
(403, 180, 13, '2015-02-24', '2015-02-23', '17:59:00', '23:00:00', NULL, 'HOTEL DIEGO DE ALMAGRO', 45, 10, 'TECNICOS, PAULINA ORTEGA (ATACHE)', NULL, 68981958, 'QUINTA VERGARA', 47, '', '', '', 8, 8, '46', 0, 1, 'EMMANUEL', 0),
(404, 180, 13, '2015-02-24', '2015-02-23', '18:00:00', '23:30:00', NULL, 'HOTEL DIEGO DE ALMAGRO', 47, 10, 'MUSICOS, PAULINA ORTEGA (ATACHE)', NULL, 68981958, 'QUINTA VERGARA', 47, '', '', '', 8, 8, '53', 0, 1, 'EMMANUEL', 0),
(405, 181, 13, '2015-02-24', '2015-02-23', '17:58:00', '12:30:00', NULL, 'GORBEA 2551 DEPTO 225', 7, 6, 'LEON MURILLO, STAFF, JUAN PABLO LOPEZ ', NULL, 58883715, 'HOTEL O HIGGINS', 47, '', '', '', 4, 8, '134', 0, 0, 'HUMOR', 0),
(406, 180, 13, '2015-02-24', '2015-02-23', '18:02:00', '23:30:00', NULL, 'HOTEL SHERATON MIRAMAR', 47, 3, 'EMMANUEL, PAULINA ORTEGA (ATACHE)', NULL, 68981958, 'QUINTA VERGARA', 47, '', '', '', 8, 19, '116', 0, 1, 'EMMANUEL', 0),
(408, 181, 13, '2015-02-26', '2015-02-23', '18:03:00', '12:30:00', NULL, 'ANTUPIREN 9401,PEÑALOLEN (COMUNIDAD ECOLOGICA)', 5, 6, 'ARTURO RUIZ TAGLE , STAFF', NULL, 97915326, 'HOTEL O HIGGINS', 47, '', '', '', 4, 8, '80', 0, 0, 'HUMOR', 0),
(409, 2, 13, '2015-02-24', '2015-02-23', '18:14:00', '12:00:00', NULL, 'AEROPUERTO SANTIAGO', 24, 1, 'DANIEL AVILA', NULL, 0, 'HOTEL SHERATON MIRAMAR', 47, 'LAN 931', '', '', 3, 9, '98', 110000, 0, 'VICENTICO', 1),
(410, 2, 13, '2015-02-24', '2015-02-23', '18:16:00', '12:00:00', NULL, 'HOTEL SHERATON MIRAMAR', 47, 1, 'RODRIGO DíAS, JORGE JUAREZ', NULL, 0, 'AEROPUERTO SANTIAGO', 24, '', 'LAN 443', '', 2, 19, '107', 0, 1, 'REIK', 0),
(411, 2, 13, '2015-02-24', '2015-02-23', '18:16:00', '12:30:00', NULL, 'AEROPUERTO SANTIAGO', 24, 15, 'GRUPO  PEDRO AZNAR', NULL, 0, 'HOTEL DIEGO DE ALMAGRO', 47, 'SKY 502', '', '', 3, 16, '151', 0, 0, 'PEDRO AZNAR', 0),
(412, 2, 13, '2015-02-24', '2015-02-23', '18:19:00', '13:00:00', NULL, 'AEROPUERTO SANTIAGO', 24, 2, 'GABRIEL FERNANDEZ, ANIBAL RIGOZZI', NULL, 0, 'HOTEL SHERATON MIRAMAR', 47, 'AR 2284', '', '', 3, 20, '155', 0, 0, 'VICENTICO', 0),
(413, 2, 13, '2015-02-24', '2015-02-23', '18:24:00', '13:10:00', NULL, 'AEROPUERTO SANTIAGO', 24, 13, 'GRUPO VICENTICO', NULL, 0, 'HOTEL SHERATON MIRAMAR', 47, 'LAN 440', '', '', 3, 15, '153', 0, 0, 'VICENTICO', 0),
(414, 2, 13, '2015-02-24', '2015-02-23', '18:25:00', '13:10:00', NULL, 'AEROPUERTO SANTIAGO', 24, 0, 'CARGA, GRUPO VICENTICO', NULL, 0, 'HOTEL SHERATON MIRAMAR', 47, 'LAN 440', '', '', 3, 6, '143', 250000, 0, 'VICENTICO', 1),
(415, 2, 13, '2015-02-24', '2015-02-23', '18:26:00', '18:00:00', NULL, 'HOTEL SHERATON MIRAMAR', 47, 1, 'JULIO RAMIREZ', NULL, 0, 'AEROPUERTO SANTIAGO', 24, 'AM 11', '', '', 2, 9, '98', 110000, 0, 'REIK', 1),
(417, 2, 13, '2015-02-24', '2015-02-23', '18:31:00', '20:00:00', NULL, 'HOTEL SHERATON MIRAMAR', 47, 0, 'CARGA', NULL, 0, 'AEROPUERTO SANTIAGO', 24, '', 'LAN 622', '', 2, 6, '71', 250000, 0, 'REIK', 1),
(418, 2, 13, '2015-02-24', '2015-02-23', '18:32:00', '20:00:00', NULL, 'HOTEL DIEGO DE ALMAGRO', 47, 30, 'STAFF REIK, CARLOS LOPEZ', NULL, 0, 'AEROPUERTO SANTIAGO', 24, '', 'LAN 622', '', 2, 16, '151', 0, 0, 'REIK', 0),
(421, 2, 13, '2015-02-23', '2015-02-23', '19:30:00', '10:00:00', '17:00:00', 'HOTEL NO', 32, 18, 'GRUPO CULTURA PROFETICA', NULL, 0, 'DISPOSICION', 7, '', '', '', 10, 8, '79', 150000, 0, 'GRUPO CULTURA PROFETICA', 1),
(423, 180, 13, '2015-02-24', '2015-02-23', '22:18:00', '03:45:00', NULL, 'HOTEL DIEGO DE ALMAGRO', 45, 2, 'TECNICOS, PAULINA ORTEGA (ATACHE)', NULL, 68981958, 'QUINTA VERGARA', 47, '', '', '', 8, 9, '7', 0, 1, 'EMMANUEL', 0),
(424, 2, 13, '2015-02-24', '2015-02-23', '22:27:00', '08:00:00', NULL, 'HOTEL DIEGO DE ALMAGRO', 47, 10, 'EMANUEL MUSICOS', NULL, 0, 'QUINTA VERGARA', 47, '', '', '', 17, 8, '51', 0, 1, 'EMMANUEL', 0),
(425, 2, 13, '2015-02-24', '2015-02-23', '22:31:00', '08:08:00', NULL, 'HOTEL SHERATON MIRAMAR', 47, 10, 'GRUPO EMANUEL', NULL, 0, 'QUINTA VERGARA', 47, '', '', '', 17, 8, '33', 0, 1, 'EMMANUEL', 0),
(426, 180, 302003, '2015-02-24', '2015-02-23', '22:31:00', '15:00:00', NULL, 'HOTEL GALA', 47, 3, 'JAVIER FERNANDEZ', NULL, 76170130, 'GALA', 47, '', '', '', 17, 19, '112', 0, 1, 'INTERNET', 0),
(427, 180, 111111, '2015-02-24', '2015-02-23', '22:35:00', '09:30:00', NULL, 'HOTEL MARINA DEL REY', 47, 1, 'MACA ILLESCA', NULL, 94929140, 'INéS MATTE URREJOLA 0890', 23, '', '', '', 7, 9, '127', 125000, 0, 'RECURSOS HUMANOS / JUICO', 1),
(428, 2, 13, '2015-02-24', '2015-02-24', '09:49:00', '20:00:00', NULL, 'HOTEL W', 1, 2, 'GABY MORENO', NULL, 0, 'AEROPUERTO SANTIAGO', 24, '', '', '', 21, 9, '101', 0, 1, 'RICARDO ARJONA', 0),
(429, 180, 13, '2015-02-25', '2015-02-24', '10:49:00', '03:00:00', NULL, 'HOTEL DIEGO DE ALMAGRO', 45, 5, 'TECNICOS, CARLOS LOPEZ', NULL, 68981085, 'QUINTA VERGARA', 47, '', '', '', 8, 9, '18', 0, 1, 'CULTURA PROFETICA', 0),
(430, 180, 13, '2015-02-25', '2015-02-24', '10:55:00', '06:30:00', NULL, 'HOTEL DIEGO DE ALMAGRO', 45, 5, 'TECNICOS, DANNY MOYA (ATACHE)', NULL, 66556203, 'QUINTA VERGARA', 47, '', '', '', 8, 9, '45', 0, 1, 'PEDRO AZNAR', 0),
(431, 180, 13, '2015-02-25', '2015-02-24', '10:56:00', '09:30:00', NULL, 'HOTEL DIEGO DE ALMAGRO', 45, 5, 'MUSICOS, DANNY MOYA (ATACHE)', NULL, 66556203, 'QUINTA VERGARA', 47, '', '', '', 8, 9, '26', 0, 1, 'PEDRO AZNAR', 0),
(432, 180, 13, '2015-02-25', '2015-02-24', '10:57:00', '10:30:00', NULL, 'HOTEL SHERATON MIRAMAR', 47, 3, 'PEDRO AZNAR, DANNY MOYA (ATACHE)', NULL, 66556203, 'QUINTA VERGARA', 47, '', '', '', 8, 19, '112', 0, 1, 'PEDRO AZNAR', 0),
(433, 180, 13, '2015-02-25', '2015-02-24', '10:59:00', '15:00:00', NULL, 'HOTEL DEL MAR,ENJOY', 47, 19, 'NOCHE DE BRUJAS, PAULINA ORTEGA (ATACHE)', NULL, 68981958, 'HOTEL SHERATON MIRAMAR', 47, '', '', '', 17, 8, '0', 0, 1, 'NOCHE DE BRUJAS', 0),
(434, 180, 13, '2015-02-25', '2015-02-24', '11:00:00', '15:00:00', NULL, 'HOTEL DIEGO DE ALMAGRO', 47, 15, 'MUSICOS, DIEGO SUAREZ (ATACHE)', NULL, 82601031, 'QUINTA VERGARA', 47, '', '', '', 8, 8, '0', 0, 1, 'VICENTICO', 0),
(435, 180, 13, '2015-02-25', '2015-02-24', '11:02:00', '15:30:00', NULL, 'HOTEL SHERATON MIRAMAR', 47, 5, 'VICENTICO, DIEGO SUAREZ (ATACHE)', NULL, 82601031, 'QUINTA VERGARA', 47, '', '', '', 8, 20, '0', 0, 1, 'VICENTICO', 0),
(436, 2, 13, '2015-02-24', '2015-02-24', '11:30:00', '12:20:00', NULL, 'AV BORGOÑO 17310 COCHOA', 47, 6, 'DANIEL CHIANG', NULL, 87370114, 'QUINTA VERGARA', 47, '', '', '', 8, 8, '48', 0, 1, 'ORQUESTA', 0),
(437, 2, 13, '2015-02-24', '2015-02-24', '11:33:00', '13:00:00', NULL, 'AV SAN MARTIN 236 ESQUINA 3 NORTE ', 47, 2, 'ROBERTO TRUJILLO', NULL, 91997281, 'QUINTA VERGARA', 47, '', '', '', 8, 9, '16', 0, 1, 'ORQUESTA', 0),
(438, 2, 13, '2015-02-24', '2015-02-24', '11:36:00', '11:00:00', NULL, 'AV VIANA 1155 DEPTO 202', 47, 10, 'JORGE DIAZ', NULL, 75520455, 'QUINTA VERGARA', 47, '', '', '', 8, 8, '51', 0, 1, 'ORQUESTA', 0),
(439, 2, 13, '2015-02-24', '2015-02-24', '11:44:00', '13:00:00', '19:00:00', 'HOTEL SHERATON MIRAMAR', 47, 30, 'GRUPO REIK', NULL, 0, 'DISPOSIICON', 47, '', '', '', 16, 16, '124', 300000, 0, 'REIK', 1),
(440, 2, 13, '2015-02-24', '2015-02-24', '11:49:00', '14:00:00', NULL, 'HOTEL W', 1, 0, 'CARGA', NULL, 0, 'AEROPUERTO SANTIAGO', 24, '', '', '', 2, 13, '155', 340000, 0, 'RICARDO ARJONA', 1),
(441, 2, 13, '2015-02-24', '2015-02-24', '15:17:00', '16:30:00', NULL, 'HOTEL DIEGO DE ALMAGRO', 47, 15, 'GRUPO LUIS FONSI', NULL, 0, 'DISPOSICION', 47, '', '', '', 3, 8, '79', 125000, 0, 'LUIS FONSI', 1),
(442, 2, 13, '2015-02-24', '2015-02-24', '15:18:00', '16:30:00', NULL, 'HOTEL DIEGO DE ALMAGRO', 47, 8, 'GRUPO LUIS FONSI', NULL, 0, 'DISPOSICION', 47, '', '', '', 16, 9, '7', 0, 1, 'LUIS FONSI', 0),
(443, 2, 13, '2015-02-24', '2015-02-24', '15:22:00', '16:00:00', NULL, 'HOTEL ENJOY', 47, 19, 'GRUPO LUIS FONSI', NULL, 0, 'DISPOSICION', 47, '', '', '', 16, 8, '79', 150000, 0, 'LUIS FONSI', 1),
(444, 2, 13, '2015-02-24', '2015-02-24', '15:22:00', '16:00:00', NULL, 'HOTEL ENJOY', 47, 19, 'GRUPO LUIS FONSI', NULL, 0, 'DISPOSICION', 47, '', '', '', 16, 8, '88', 150000, 0, 'LUIS FONSI', 1),
(445, 2, 13, '2015-02-24', '2015-02-24', '15:24:00', '16:30:00', '02:30:00', 'HOTEL DEL MAR,ENJOY', 47, 4, 'LUIS FONSI', NULL, 0, 'DISPOSICION', 47, '', '', '', 13, 20, '101', 150000, 0, 'LUIS FONSI', 1),
(446, 2, 13, '2015-02-24', '2015-02-24', '15:24:00', '16:30:00', NULL, 'HOTEL DEL MAR,ENJOY', 47, 4, 'LUIS FONSI', NULL, 0, 'DISPOSICION', 47, '', '', '', 16, 9, '127', 0, 1, 'LUIS FONSI', 0),
(447, 2, 13, '2015-02-24', '2015-02-24', '16:19:00', '17:00:00', NULL, 'HOTEL DIEGO DE ALMAGRO', 47, 1, 'ROLY GARBALOSA', NULL, 0, 'AEROPUERTO SANTIAGO', 24, '', '', '', 2, 9, '98', 110000, 0, 'RICARDO ARJONA', 1),
(448, 2, 13, '2015-02-24', '2015-02-24', '16:24:00', '17:15:00', NULL, 'HOTEL SHERATON MIRAMAR', 47, 1, 'JAVIER GOLDSMITH', NULL, 0, 'QUINTA VERGARA', 47, '', '', '', 8, 19, '114', 0, 1, 'PRODUCCION', 0),
(449, 2, 13, '2015-02-24', '2015-02-24', '16:25:00', '18:50:00', NULL, 'HOTEL GALA', 47, 1, 'CAROLINA MESTROVICH', NULL, 0, 'QUINTA VERGARA', 47, '', '', '', 8, 19, '65', 0, 1, 'ANIMADORES BACKSTAGE', 0),
(450, 181, 13, '2015-02-24', '2015-02-24', '15:59:00', '20:30:00', NULL, 'HOTEL SAN MARTIN', 47, 12, 'CLAUDIA DE LA CERDA', NULL, 0, 'QUINTA VERGARA', 47, '', '', '', 8, 8, '0', 0, 1, 'COMERCIAL', 0),
(453, 2, 13, '2015-02-24', '2015-02-24', '17:19:00', '18:00:00', NULL, 'HOTEL SHERATON MIRAMAR', 47, 10, 'REIK ARTISTA', NULL, 0, 'AEROPUERTO SANTIAGO', 24, '', '', '', 2, 8, '80', 0, 0, 'REIK', 0),
(454, 181, 13, '2015-02-25', '2015-02-24', '17:26:00', '10:45:00', NULL, 'HOTEL SAN MARTIN', 47, 15, 'SEBASTIAN VALLEJOS, STAFF FIEBRE DE VIÑA', NULL, 57594998, 'HOTEL SHERATON MIRAMAR', 47, '', '', '', 17, 8, '33', 0, 1, 'SATELITE', 0),
(455, 181, 13, '2015-02-26', '2015-02-24', '17:31:00', '10:45:00', NULL, 'HOTEL SAN MARTIN', 47, 15, 'SEBASTIAN VALLEJOS, STAFF FIEBRE DE VIÑA', NULL, 57594998, 'HOTEL SHERATON MIRAMAR', 47, '', '', '', 17, 8, '39', 0, 1, 'SATELITE', 0),
(456, 181, 13, '2015-02-27', '2015-02-24', '17:33:00', '10:45:00', NULL, 'HOTEL SAN MARTIN', 47, 15, 'SEBASTIAN VALLEJOS, STAFF FIEBRE DE VIÑA', NULL, 57594998, 'HOTEL SHERATON MIRAMAR', 47, '', '', '', 17, 8, '51', 0, 1, 'SATELITE', 0),
(457, 181, 13, '2015-02-28', '2015-02-24', '17:34:00', '10:45:00', NULL, 'HOTEL SAN MARTIN', 47, 15, 'SEBASTIAN VALLEJOS, STAFF FIEBRE DE VIÑA', NULL, 57594998, 'HOTEL SHERATON MIRAMAR', 47, '', '', '', 17, 8, '34', 0, 1, 'SATELITE', 0),
(458, 181, 13, '2015-02-25', '2015-02-24', '17:46:00', '12:00:00', NULL, 'ñUBLE 1422', 7, 6, 'MANUEL HERRERA, CICLINDOS DE HELIO (4)', NULL, 84657716, 'HOTEL GALA', 47, '', '', '', 4, 8, '80', 125000, 0, 'HOMENAJE', 1),
(459, 181, 13, '2015-02-26', '2015-02-24', '17:51:00', '06:00:00', NULL, 'QUINTA VERGARA', 47, 6, 'MANUEL HERRERA, CICLINDOS DE HELIO (4)', NULL, 84657716, 'ñUBLE 1422', 7, '', '', '', 5, 8, '79', 125000, 0, 'HOMENAJE', 1),
(460, 180, 13, '2015-02-25', '2015-02-24', '18:30:00', '08:00:00', NULL, 'HOTEL SHERATON MIRAMAR', 47, 8, 'CULTURA PROFETICA, CARLOS LOPEZ', NULL, 68981085, 'QUINTA VERGARA', 47, '', '', '', 8, 8, '54', 0, 1, 'CULTURA PROFETICA', 0),
(461, 181, 13, '2015-02-25', '2015-02-24', '18:11:00', '08:30:00', NULL, 'HOTEL SHERATON MIRAMAR', 45, 8, 'CULTURA PROFETICA ARTISTA, CARLOS LOPEZ', NULL, 68981085, 'QUINTA VERGARA', 47, '', '', '', 8, 8, '51', 0, 1, 'CULTURA PROFETICA', 0),
(462, 2, 13, '2015-02-24', '2015-02-24', '19:44:00', '22:00:00', NULL, 'AEROPUERTO SANTIAGO', 24, 9, 'CULTURAL PROFETICA', NULL, 0, 'HOTEL DIEGO DE ALMAGRO', 47, 'AV 242', '', '', 3, 8, '92', 125000, 0, 'CULTURA PROFETICA', 1),
(463, 2, 13, '2015-02-24', '2015-02-24', '19:46:00', '22:45:00', NULL, 'AEROPUERTO SANTIAGO', 24, 49, 'GRUPO ROMEO SANTOS', NULL, 0, 'HOTEL W', 1, '', '', '', 20, 16, '', 300000, 0, 'ROMEO SANTOS', 1),
(464, 2, 13, '2015-02-24', '2015-02-24', '19:52:00', '22:45:00', NULL, 'AEROPUERTO SANTIAGO', 24, 0, 'CARGA, ROMEO SANTOS', NULL, 0, 'HOTEL W', 1, '', '', '', 20, 6, '71', 250000, 0, 'ROMEO SANTOS', 1),
(465, 2, 13, '2015-02-24', '2015-02-24', '20:04:00', '22:15:00', NULL, 'HOTEL SHERATON MIRAMAR', 47, 13, 'FAMILIA NICOLE', NULL, 0, 'QUINTA VERGARA', 47, '', '', '', 17, 8, '37', 0, 1, 'NICOLE', 0),
(466, 2, 13, '2015-02-25', '2015-02-24', '23:03:00', '02:00:00', NULL, 'HOTEL DIEGO DE ALMAGRO', 47, 1, 'FABIAN HERRERA', NULL, 0, 'AEROPUERTO SANTIAGO', 24, '', '', '', 2, 19, '116', 0, 1, 'ALEJANDRO FERNANDEZ', 0),
(467, 2, 13, '2015-02-25', '2015-02-24', '23:07:00', '06:05:00', NULL, 'AEROPUERTO SANTIAGO', 24, 1, 'OSWALDO PONTE M.', NULL, 0, 'HOTEL DIEGO DE ALMAGRO', 47, '', '', '', 3, 9, '98', 110000, 0, 'OSCAR DE LEON', 1),
(468, 2, 13, '2015-02-25', '2015-02-24', '23:10:00', '02:45:00', NULL, 'HOTEL O HIGGINS', 47, 2, 'RUBEN RETAMALES', NULL, 0, 'HOTEL SHERATON MIRAMAR', 47, '', '', '', 17, 9, '3', 0, 1, 'PRODUCCION', 0),
(469, 2, 13, '2015-02-25', '2015-02-24', '23:12:00', '08:30:00', NULL, 'HOTEL DIEGO DE ALMAGRO', 47, 0, 'CARGA, GRUPO NICOLE', NULL, 0, 'AV SANTA MARIA 172', 23, '', '', '', 4, 6, '143', 235000, 0, 'NICOLE', 1),
(470, 2, 13, '2015-02-25', '2015-02-24', '23:17:00', '08:30:00', NULL, 'HOTEL DIEGO DE ALMAGRO', 47, 10, 'STAFF NICOLE', NULL, 0, 'AV SANTA MARIA 172', 23, '', '', '', 5, 8, '79', 0, 1, 'NICOLE', 0),
(471, 2, 13, '2015-02-25', '2015-02-24', '23:18:00', '11:00:00', NULL, 'HOTEL DIEGO DE ALMAGRO', 45, 12, 'STAFF NICOLE', NULL, 0, 'AV SANTA MARIA 172', 23, '', '', '', 5, 8, '78', 0, 0, 'NICOLE', 0),
(472, 2, 13, '2015-02-25', '2015-02-24', '23:21:00', '15:30:00', NULL, 'HOTEL W', 1, 40, 'STAFF ROMEO SANTOS', NULL, 0, 'HOTEL DIEGO DE ALMAGRO', 47, '', '', '', 4, 8, '91', 125000, 0, 'ROMEO SANTOS', 1),
(473, 2, 13, '2015-02-25', '2015-02-24', '23:22:00', '14:00:00', NULL, 'HOTEL W', 1, 0, 'CARGA, STAFF ROMEO SANTOS', NULL, 0, 'HOTEL DIEGO DE ALMAGRO', 47, '', '', '', 4, 6, '136', 235000, 0, 'ROMEO SANTOS', 1),
(474, 2, 13, '2015-02-25', '2015-02-24', '23:24:00', '16:00:00', NULL, 'AEROPUERTO SANTIAGO', 24, 4, 'ROMERO SANTOS', NULL, 0, 'HOTEL SHERATON MIRAMAR', 47, '', '', '', 3, 21, '148', 0, 1, 'ROMEO SANTOS', 0),
(475, 2, 13, '2015-02-25', '2015-02-24', '23:26:00', '16:00:00', NULL, 'AEROPUERTO SANTIAGO', 24, 4, 'ROMEO SANTOS', NULL, 0, 'HOTEL SHERATON MIRAMAR', 47, '', '', '', 3, 21, '66', 200000, 0, 'ROMEO SANTOS', 1),
(476, 2, 13, '2015-02-25', '2015-02-24', '23:28:00', '08:45:00', NULL, 'HOTEL SHERATON MIRAMAR', 47, 4, 'STAFF VICENTICO PRODUCCION', NULL, 0, 'QUINTA VERGARA', 47, '', '', '', 8, 9, '117', 0, 1, 'VICENTICO', 0),
(477, 2, 13, '2015-02-25', '2015-02-24', '23:29:00', '12:30:00', NULL, 'HOTEL SHERATON MIRAMAR', 47, 2, 'VICENTCO TECNICOS', NULL, 0, 'QUINTA VERGARA', 47, '', '', '', 8, 9, '14', 0, 1, 'VICENTICO', 0),
(478, 2, 13, '2015-02-25', '2015-02-24', '23:31:00', '15:30:00', NULL, 'HOTEL SHERATON MIRAMAR', 47, 10, 'STAFF VICENTICO PRODUCCION', NULL, 0, 'QUINTA VERGARA', 47, '', '', '', 8, 8, '54', 0, 1, 'VICENTICO', 0),
(479, 2, 13, '2015-02-25', '2015-02-24', '23:32:00', '03:00:00', NULL, 'HOTEL SHERATON MIRAMAR', 47, 1, 'ALEX DIAS', NULL, 0, 'QUINTA VERGARA', 47, '', '', '', 8, 9, '15', 0, 1, 'CULTURA PROFETICA', 0),
(480, 2, 13, '2015-02-25', '2015-02-24', '23:35:00', '05:00:00', NULL, 'HOTEL SHERATON MIRAMAR', 47, 1, 'CARGA CULTURA PROFETICA', NULL, 0, 'QUINTA VERGARA', 47, '', '', '', 8, 12, '61', 0, 1, 'CULTURA PROFETICA', 0),
(481, 2, 13, '2015-02-25', '2015-02-24', '23:35:00', '08:30:00', NULL, 'HOTEL SHERATON MIRAMAR', 47, 12, 'STAFF CULTURA PROFETICA', NULL, 0, 'QUINTA VERGARA', 47, '', '', '', 8, 8, '44', 0, 1, 'CULTURA PROFETICA', 0),
(484, 2, 13, '2015-02-25', '2015-02-25', '00:41:00', '16:00:00', NULL, 'AEROPUERTO SANTIAGO', 24, 9, 'STAFF ROMEO SANTOS ', NULL, 0, 'HOTEL SHERATON MIRAMAR', 47, '', '', '', 3, 8, '83', 125000, 0, 'ROMEO SANTOS', 1),
(485, 2, 13, '2015-02-25', '2015-02-25', '00:43:00', '16:00:00', NULL, 'AEROPUERTO SANTIAGO', 24, 6, 'STAFF ROMEO SANTOS ', NULL, 0, 'HOTEL SHERATON MIRAMAR', 47, '', '', '', 3, 9, '136', 110000, 0, 'ROMEO SANTOS', 1),
(486, 2, 13, '2015-02-25', '2015-02-25', '00:44:00', '19:00:00', NULL, 'HOTEL DIEGO DE ALMAGRO', 47, 60, 'STAFF ALEJANDRO FERNANDEZ', NULL, 0, 'AEROPUERTO SANTIAGO', 24, '', 'LAN 622', '', 2, 16, '', 0, 0, 'ALEJANDRO FERNANDEZ', 0),
(487, 2, 13, '2015-02-25', '2015-02-25', '00:45:00', '19:00:00', NULL, 'HOTEL DIEGO DE ALMAGRO', 47, 0, 'CARGA ALEJANDRO FERNANDEZ', NULL, 0, 'AEROPUERTO SANTIAGO', 24, '', 'LAN 622', '', 2, 6, '71', 250000, 0, 'ALEJANDRO FERNANDEZ', 1),
(488, 2, 13, '2015-02-25', '2015-02-25', '00:46:00', '19:00:00', NULL, 'HOTEL DIEGO DE ALMAGRO', 47, 26, 'EMANUEL MUSICOS', NULL, 0, 'AEROPUERTO SANTIAGO', 24, '', '', '', 2, 16, '123', 0, 0, 'EMMANUEL', 0),
(489, 2, 13, '2015-02-25', '2015-02-25', '00:47:00', '19:00:00', NULL, 'HOTEL DIEGO DE ALMAGRO', 47, 0, 'CARGA EMANUEL', NULL, 0, 'AEROPUERTO SANTIAGO', 24, '', '', '', 2, 6, '72', 250000, 0, 'EMMANUEL', 1),
(490, 2, 13, '2015-02-25', '2015-02-25', '00:49:00', '19:00:00', NULL, 'HOTEL SHERATON MIRAMAR', 47, 14, 'EMANUEL', NULL, 0, 'AEROPUERTO SANTIAGO', 24, '', 'LAN 622', '', 2, 8, '134', 0, 0, 'EMMANUEL', 0),
(491, 2, 13, '2015-02-25', '2015-02-25', '00:50:00', '19:00:00', NULL, 'HOTEL SHERATON MIRAMAR', 47, 4, 'STAFF ENMUEL', NULL, 0, 'AEROPUERTO SANTIAGO', 24, '', '', '', 2, 19, '107', 0, 1, 'EMMANUEL', 0),
(492, 2, 13, '2015-02-25', '2015-02-25', '11:07:00', '12:45:00', NULL, 'AV BORGOÑO 17310 COCHOA', 47, 6, 'DANIEL CHIANG', NULL, 87370114, 'QUINTA VERGARA', 47, '', '', '', 17, 8, '', 0, 1, 'ORQUESTA', 0),
(493, 2, 13, '2015-02-25', '2015-02-25', '11:10:00', '13:10:00', NULL, 'AV VIANA 1155 DEPTO 202', 47, 10, 'JORGE DIAZ', NULL, 75520455, 'QUINTA VERGARA', 47, '', '', '', 8, 9, '', 0, 0, 'ORQUESTA', 0),
(494, 2, 13, '2015-02-25', '2015-02-25', '11:14:00', '13:10:00', NULL, 'AV SAN MARTIN 236 ESQUINA 3 NORTE', 47, 2, 'ROBERTO TRUJILLO', NULL, 0, 'QUINTA VERGARA', 47, '', '', '', 8, 9, '', 0, 0, 'ORQUESTA', 0),
(495, 2, 13, '2015-02-25', '2015-02-25', '12:08:00', '20:48:00', NULL, 'AEROPUERTO SANTIAGO', 24, 1, 'JOSE CAVALLINI', NULL, 0, 'HOTEL DIEGO DE ALMAGRO', 47, '', '', '', 3, 9, '98', 110000, 0, 'CULTURA PROFETICA', 1),
(496, 181, 13, '2015-02-25', '2015-02-25', '16:34:00', '21:00:00', NULL, 'HOTEL SAN MARTIN', 47, 5, 'SANDRA, CCU', NULL, 0, 'QUINTA VERGARA', 47, '', '', '', 8, 9, '0', 0, 0, 'COMERCIAL', 0),
(497, 180, 13, '2015-02-26', '2015-02-25', '16:52:00', '03:00:00', NULL, 'HOTEL DIEGO DE ALMAGRO', 45, 10, 'TECNICOS, DIEGO SUAREZ (ATACHE)', NULL, 82601031, 'QUINTA VERGARA', 47, '', '', '', 8, 8, '158', 0, 1, 'ROMEO SANTOS', 0),
(498, 180, 13, '2015-02-26', '2015-02-25', '16:54:00', '06:30:00', NULL, 'HOTEL SHERATON MIRAMAR', 47, 10, 'TECNICOS, DIEGO SUAREZ (ATACHE)', NULL, 82601031, 'QUINTA VERGARA', 47, '', '', '', 8, 8, '46', 0, 1, 'ROMEO SANTOS', 0),
(499, 180, 13, '2015-02-26', '2015-02-25', '17:01:00', '07:30:00', NULL, 'HOTEL DIEGO DE ALMAGRO', 45, 15, 'TECNICOS, PAULINA ORTEGA (ATACHE)', NULL, 68981958, 'QUINTA VERGARA', 47, '', '', '', 8, 8, '38', 0, 1, 'NOCHE DE BRUJAS', 0),
(500, 180, 13, '2015-02-26', '2015-02-25', '17:02:00', '10:00:00', NULL, 'HOTEL DIEGO DE ALMAGRO', 45, 10, 'MUSICOS, PAULINA ORTEGA (ATACHE)', NULL, 68981958, 'QUINTA VERGARA', 47, '', '', '', 8, 8, '51', 0, 1, 'NOCHE DE BRUJAS', 0),
(501, 181, 13, '2015-02-25', '2015-02-25', '16:58:00', '21:00:00', NULL, 'HOTEL GALA', 47, 3, 'MABEL , GRAMMY', NULL, 65098019, 'HOTEL SAN MARTIN,QUINTA VERGARA', 47, '', '', '', 8, 19, '115', 0, 1, 'INTERNET', 0),
(502, 181, 13, '2015-02-25', '2015-02-25', '17:09:00', '20:15:00', NULL, 'HOTEL SAN MARTIN', 47, 12, 'CLAUDIA DE LA CERDA', NULL, 82595361, 'QUINTA VERGARA', 47, '', '', '', 8, 8, '0', 0, 1, 'COMERCIAL', 0),
(503, 181, 13, '2015-02-25', '2015-02-25', '17:11:00', '20:20:00', NULL, 'SAN MARTIN 236,ESQUINA 3 NORTE', 47, 1, 'ROBERTO TRUJILLO', NULL, 91997281, 'QUINTA VERGARA', 47, '', '', '', 8, 9, '0', 0, 1, 'ORQUESTA', 0),
(504, 181, 13, '2015-02-25', '2015-02-25', '17:13:00', '20:30:00', NULL, 'AV VIANA 1155 DEPTO 202', 47, 10, 'JORGE DIAZ', NULL, 75520455, 'QUINTA VERGARA', 47, '', '', '', 8, 9, '0', 0, 1, 'ORQUESTA', 0),
(505, 2, 13, '2015-02-25', '2015-02-25', '18:58:00', '19:45:00', NULL, 'HOTEL SHERATON MIRAMAR', 47, 1, 'JAVIER GOLDSMITH', NULL, 0, 'QUINTA VERGARA', 47, '', '', '', 8, 19, '112', 0, 1, 'PRODUCCION', 0);
INSERT INTO `vin_servicio` (`id_servicio`, `id_user`, `centrocosto`, `fecha`, `fecha_emision`, `hora_emision`, `hora_ini`, `hora_ter`, `lugar_presentacion`, `comuna1`, `pasajeros`, `pasajero_principal`, `telefono`, `celular`, `lugar_destino`, `comuna2`, `vuelo_in`, `vuelo_out`, `referencias`, `tipo_servicio`, `tipo_vehiculo`, `nro_movil`, `cobro`, `poll_adicional`, `artista`, `extra`) VALUES
(506, 2, 13, '2015-02-25', '2015-02-25', '19:00:00', '21:00:00', NULL, 'HOTEL O HIGGINS', 47, 1, 'PABLO BOLETTI', NULL, 0, 'QUINTA VERGARA', 47, '', '', '', 8, 9, '', 0, 0, 'PRODUCCION', 0),
(507, 2, 13, '2015-02-25', '2015-02-25', '19:01:00', '20:45:00', NULL, 'HOTEL SHERATON MIRAMAR', 47, 1, 'GUILLERMO MUñOZ', NULL, 0, 'QUINTA VERGARA', 47, '', '', '', 8, 9, '', 0, 0, 'PRODUCCION', 0),
(508, 2, 13, '2015-02-25', '2015-02-25', '19:05:00', '20:00:00', NULL, 'HOTEL DIEGO DE ALMAGRO', 47, 10, 'STAFF PEDRO AZNAR', NULL, 0, 'QUINTA VERGARA', 47, '', '', '', 8, 8, '', 0, 0, 'PEDRO AZNAR', 0),
(509, 2, 13, '2015-02-25', '2015-02-25', '19:10:00', '20:30:00', NULL, 'HOTEL SHERATON MIRAMAR', 47, 2, 'PEDRO AZNAR,', NULL, 0, 'QUINTA VERGARA', 47, '', '', '', 8, 19, '65', 0, 1, 'PEDRO AZNAR', 0),
(510, 2, 13, '2015-02-25', '2015-02-25', '19:11:00', '23:30:00', NULL, 'HOTEL DIEGO DE ALMAGRO', 47, 14, 'STAFF CULTURA PROFETICA', NULL, 0, 'QUINTA VERGARA', 47, '', '', '', 8, 8, '', 0, 1, 'CULTURA PROFETICA', 0),
(511, 2, 13, '2015-02-26', '2015-02-25', '19:13:00', '00:30:00', NULL, 'HOTEL SHERATON MIRAMAR', 47, 14, 'STAFF CULTURA PROFETICA', NULL, 0, 'QUINTA VERGARA', 47, '', '', '', 8, 8, '', 0, 1, 'CULTURA PROFETICA', 0),
(512, 2, 13, '2015-02-26', '2015-02-25', '19:20:00', '03:50:00', NULL, 'AEROPUERTO SANTIAGO', 24, 18, 'STAFF OSCAR DE LEON ', NULL, 0, 'HOTEL DIEGO DE ALMAGRO', 47, '', '', '', 3, 16, '146', 0, 0, 'OSCAR DE LEON', 0),
(513, 2, 13, '2015-02-26', '2015-02-25', '19:23:00', '09:00:00', NULL, 'HOTEL DIEGO DE ALMAGRO', 47, 2, 'GABRIEL FERNANDEZ, ANIBAL RIGOZZI', NULL, 0, 'AEROPUERTO SANTIAGO', 24, 'ar 2285', '', '', 2, 19, '159', 0, 1, 'VICENTICO', 0),
(514, 2, 13, '2015-02-26', '2015-02-25', '19:31:00', '08:00:00', NULL, 'HOTEL DIEGO DE ALMAGRO', 47, 16, 'STAFF VICENTICO ', NULL, 0, 'AEROPUERTO SANTIAGO', 24, 'lan 461', '1715', '', 2, 16, '146', 0, 0, 'VICENTICO', 0),
(515, 2, 13, '2015-02-26', '2015-02-25', '19:33:00', '15:00:00', NULL, 'HOTEL O HIGGINS', 47, 3, 'FILOMENO', NULL, 0, 'AEROPUERTO SANTIAGO', 24, '', 'LAN 239', '', 2, 9, '101', 0, 0, 'FILOMENO', 0),
(516, 180, 13, '2015-02-26', '2015-02-25', '19:53:00', '00:00:00', NULL, 'HOTEL DIEGO DE ALMAGRO', 45, 2, 'CARGA NOCHE DE BRUJAS', NULL, 68981958, 'QUINTA VERGARA', 47, '', '', '', 8, 12, '121', 0, 1, 'NOCHE DE BRUJAS', 0),
(517, 2, 13, '2015-02-26', '2015-02-25', '20:03:00', '08:00:00', NULL, 'HOTEL DIEGO DE ALMAGRO', 47, 24, 'GRUPO  PEDRO AZNAR', NULL, 0, 'AEROPUERTO SANTIAGO', 24, '', '', '', 2, 16, '123', 0, 0, 'PEDRO AZNAR', 0),
(518, 2, 13, '2015-02-26', '2015-02-25', '20:36:00', '04:00:00', NULL, 'HOTEL SHERATON MIRAMAR', 47, 1, 'TECNICOS, ', NULL, 0, 'QUINTA VERGARA', 47, '', '', '', 8, 9, '16', 0, 1, 'ROMEO SANTOS', 0),
(519, 2, 13, '2015-02-26', '2015-02-25', '20:38:00', '05:00:00', NULL, 'HOTEL SHERATON MIRAMAR', 47, 1, 'TECNICO AUDIO', NULL, 0, 'QUINTA VERGARA', 47, '', '', '', 8, 9, '8', 0, 1, 'ROMEO SANTOS', 0),
(520, 2, 13, '2015-02-26', '2015-02-25', '20:41:00', '07:00:00', NULL, 'HOTEL SHERATON MIRAMAR', 47, 1, 'CARGA ROMERO', NULL, 0, 'QUINTA VERGARA', 47, '', '', '', 16, 8, '61', 255000, 0, 'ROMEO SANTOS', 1),
(521, 2, 13, '2015-02-26', '2015-02-25', '20:44:00', '08:00:00', NULL, 'HOTEL SHERATON MIRAMAR', 47, 0, 'CARGA VICENTICO', NULL, 0, 'AEROPUERTO SANTIAGO', 24, '', '', '', 2, 9, '119', 0, 0, 'VICENTICO', 1),
(522, 2, 13, '2015-02-26', '2015-02-25', '20:49:00', '09:00:00', NULL, 'HOTEL SHERATON MIRAMAR', 47, 0, 'CARGA', NULL, 0, 'AEROPUERTO SANTIAGO', 24, '', '', '', 2, 6, '143', 250000, 0, 'VICENTICO', 1),
(523, 2, 13, '2015-02-26', '2015-02-25', '20:56:00', '10:30:00', NULL, 'HOTEL DIEGO DE ALMAGRO', 47, 2, 'MARCELO CANESTRANY', NULL, 0, 'AEROPUERTO SANTIAGO', 24, '', '', '', 2, 19, '111', 0, 1, 'PEDRO AZNAR', 0),
(524, 2, 13, '2015-02-26', '2015-02-25', '21:12:00', '16:00:00', NULL, 'HOTEL SHERATON MIRAMAR', 47, 10, 'CULTURA PROFETICA', NULL, 0, 'AEROPUERTO SANTIAGO', 24, '', '', '', 2, 8, '78', 0, 0, 'CULTURA PROFETICA', 0),
(525, 2, 13, '2015-02-26', '2015-02-25', '21:12:00', '15:00:00', NULL, 'HOTEL SHERATON MIRAMAR', 47, 10, 'CULTURA PROFETICA', NULL, 0, 'AEROPUERTO SANTIAGO', 24, '', '', '', 2, 8, '80', 125000, 0, 'CULTURA PROFETICA', 1),
(526, 2, 13, '2015-02-26', '2015-02-25', '21:23:00', '15:00:00', NULL, 'LEOPOLDO  URRUTIA 2020', 22, 10, 'STAFF NANO STERN', NULL, 0, 'HOTEL DIEGO DE ALMAGRO', 47, '', '', '', 4, 8, '142', 0, 0, 'NANO STERN', 0),
(527, 2, 13, '2015-02-26', '2015-02-25', '21:27:00', '15:00:00', NULL, 'LEOPOLDO  URRUTIA 2020', 22, 0, 'CARGA NANO STREN', NULL, 0, 'HOTEL DIEGO DE ALMAGRO', 47, '', '', '', 4, 6, '71', 235000, 0, 'NANO STERN', 1),
(528, 2, 13, '2015-02-26', '2015-02-26', '09:12:00', '05:00:00', NULL, 'HOTEL DIEGO DE ALMAGRO', 47, 2, 'SORAYA', NULL, 0, 'AEROPUERTO SANTIAGO', 24, '', '', '', 2, 19, '116', 0, 1, 'CULTURA PROFETICA', 0),
(529, 2, 13, '2015-02-25', '2015-02-26', '09:17:00', '04:00:00', NULL, 'AEROPUERTO SANTIAGO', 24, 0, 'CARGA ROMERO', NULL, 0, 'QUINTA VERGARA', 47, '', '', '', 3, 22, '152', 400000, 0, 'ROMEO SANTOS', 1),
(530, 2, 13, '2015-02-26', '2015-02-26', '09:32:00', '09:30:00', NULL, 'HOTEL HAYTT', 1, 0, 'CARGA CATS STEVENS', NULL, 0, 'QUINTA VERGARA', 47, '', '', '', 4, 14, '72', 380000, 0, 'CAT STEVENS ', 1),
(531, 2, 13, '2015-02-26', '2015-02-26', '11:02:00', '12:00:00', NULL, 'HOTEL SAN MARTIN', 47, 1, 'LAURA TESORIERO', NULL, 0, 'HOTEL  RADISON', 1, '', '', '', 5, 19, '112', 0, 1, 'COMPETENCIA ', 0),
(532, 2, 13, '2015-02-26', '2015-02-26', '11:04:00', '12:45:00', NULL, 'AV BORGOÑO 17310 COCHOA', 47, 6, 'DANIEL CHIANG', NULL, 87370114, 'QUINTA VERGARA', 47, '', '', '', 8, 8, '48', 0, 1, 'ORQUESTA', 0),
(533, 2, 13, '2015-02-26', '2015-02-26', '11:06:00', '13:15:00', NULL, 'AV SAN MARTIN 236 ESQUINA 3 NORTE ', 47, 2, 'ROBERTO TRUJILLO', NULL, 91997281, 'QUINTA VERGARA', 47, '', '', '', 8, 9, '', 0, 1, 'ORQUESTA', 0),
(534, 2, 13, '2015-02-26', '2015-02-26', '11:08:00', '13:15:00', NULL, 'HOTEL GALA', 47, 2, 'ALEJANNDRO REID - PABLO BRUNA', NULL, 92269278, 'QUINTA VERGARA', 47, '', '', '', 8, 9, '', 0, 1, 'ORQUESTA', 0),
(535, 2, 13, '2015-02-26', '2015-02-26', '11:11:00', '13:20:00', NULL, 'AV VIANA 1155 DEPTO 202', 47, 10, 'JORGE DIAZ', NULL, 75520455, 'QUINTA VERGARA', 47, '', '', '', 8, 8, '51', 0, 1, 'ORQUESTA', 0),
(536, 180, 13, '2015-02-27', '2015-02-26', '11:56:00', '03:00:00', NULL, 'HOTEL DIEGO DE ALMAGRO', 47, 10, 'TECNICOS, DIEGO SUAREZ (ATACHE)', NULL, 82601031, 'QUINTA VERGARA', 47, '', '', '', 8, 8, '49', 0, 1, 'YUSUF CAT STEVENS', 0),
(537, 180, 13, '2015-02-27', '2015-02-26', '11:59:00', '05:30:00', NULL, 'HOTEL DIEGO DE ALMAGRO', 45, 5, 'TECNICOS, CARLOS LOPEZ (ATACHE)', NULL, 51107335, 'QUINTA VERGARA', 47, '', '', '', 8, 9, '15', 0, 1, 'OSCAR DE LEON', 0),
(538, 2, 13, '2015-02-26', '2015-02-26', '12:39:00', '14:30:00', NULL, 'LEOPOLDO  URRUTIA 2020', 22, 6, 'STAFF NANO STERN', NULL, 0, 'HOTEL DIEGO DE ALMAGRO', 47, '', '', '', 4, 12, '160', 125000, 0, 'NANO STERN', 1),
(540, 2, 13, '2015-02-26', '2015-02-26', '12:48:00', '14:30:00', NULL, 'HOTEL SHERATON MIRAMAR', 47, 0, 'CARGA', NULL, 0, 'AEROPUERTO SANTIAGO', 24, '', '', '', 2, 6, '143', 250000, 0, 'CULTURA PROFETICA', 1),
(542, 180, 13, '2015-02-26', '2015-02-26', '12:50:00', '22:00:00', NULL, 'HOTEL DIEGO DE ALMAGRO', 45, 10, 'TECNICOS, PAULINA ORTEGA (ATACHE)', NULL, 68981958, 'QUINTA VERGARA', 47, '', '', '', 8, 8, '127', 0, 1, 'NOCHE DE BRUJAS', 0),
(543, 180, 13, '2015-02-26', '2015-02-26', '13:18:00', '23:00:00', NULL, 'HOTEL DEL MAR,ENJOY', 47, 3, 'KANELA, PAULINA ORTEGA (ATACHE)', NULL, 68981958, 'QUINTA VERGARA', 47, '', '', '', 8, 19, '114', 0, 1, 'NOCHE DE BRUJAS', 0),
(544, 180, 13, '2015-02-26', '2015-02-26', '13:20:00', '23:00:00', NULL, 'HOTEL DEL MAR,ENJOY', 47, 10, 'MUSICOS, PAULINA ORTEGA (ATACHE)', NULL, 68981958, 'QUINTA VERGARA', 47, '', '', '', 8, 8, '37', 0, 1, 'NOCHE DE BRUJAS', 0),
(545, 180, 13, '2015-02-26', '2015-02-26', '15:46:00', '18:47:00', NULL, 'AV BORGOÑO 17310 COCHOA', 47, 6, 'DANIEL CHIANG', NULL, 87370114, 'QUINTA VERGARA', 47, '', '', '', 8, 9, '0', 0, 0, 'ORQUESTA', 0),
(546, 180, 13, '2015-02-26', '2015-02-26', '15:47:00', '20:20:00', NULL, 'SAN MARTIN 236,ESQUINA 3 NORTE', 47, 1, 'ROBERTO TRUJULLO', NULL, 91997281, 'QUINTA VERGARA', 47, '', '', '', 8, 9, '0', 0, 0, 'ORQUESTA', 0),
(547, 180, 13, '2015-02-26', '2015-02-26', '15:48:00', '20:30:00', NULL, 'AV VIANA 1155 DEPTO 202', 47, 10, 'JORGE DIAZ', NULL, 75520455, 'QUINTA VERGARA', 47, '', '', '', 8, 8, '0', 0, 0, 'ORQUESTA', 0),
(548, 180, 13, '2015-02-27', '2015-02-26', '15:52:00', '08:30:00', NULL, 'HOTEL DIEGO DE ALMAGRO', 47, 10, 'TECNICOS', NULL, 82601031, 'QUINTA VERGARA', 47, '', '', '', 8, 8, '39', 0, 1, 'YUSUF CAT STEVENS', 0),
(549, 180, 13, '2015-02-27', '2015-02-26', '15:57:00', '08:30:00', NULL, 'HOTEL DIEGO DE ALMAGRO', 47, 10, 'MUSICOS NANO STERN', NULL, 66556203, 'QUINTA VERGARA', 47, '', '', '', 8, 8, '50', 0, 1, 'NANO STERN', 0),
(550, 180, 13, '2015-02-27', '2015-02-26', '15:58:00', '10:00:00', NULL, 'HOTEL SHERATON MIRAMAR', 47, 10, 'NANO STERN, ', NULL, 66556203, 'QUINTA VERGARA', 47, '', '', '', 8, 8, '115', 0, 1, 'NANO STERN', 0),
(551, 180, 13, '2015-02-27', '2015-02-26', '15:59:00', '11:30:00', NULL, 'HOTEL DIEGO DE ALMAGRO', 45, 5, 'TECNICOS, CARLOS LOPEZ (ATACHE)', NULL, 68981085, 'QUINTA VERGARA', 47, '', '', '', 8, 9, '17', 0, 1, 'OSCAR DE LEON', 0),
(552, 2, 13, '2015-02-26', '2015-02-26', '16:13:00', '17:00:00', '17:00:00', 'HOTEL MARINA DEL REY', 47, 3, 'INTERNET, STAFF INTERNET', NULL, 0, 'QUINTA VERGARA', 47, '', '', '', 8, 19, '115', 0, 1, 'PRODUCCION', 0),
(554, 180, 13, '2015-02-27', '2015-02-26', '16:12:00', '14:00:00', NULL, 'HOTEL DIEGO DE ALMAGRO', 45, 10, 'TéCNICOS , DIEGO SUáREZ (ATACHE)', NULL, 82601031, 'QUINTA VERGARA', 47, '', '', '', 8, 8, '54', 0, 0, 'YUSUF CAT STEVENS', 0),
(555, 180, 13, '2015-02-27', '2015-02-26', '16:17:00', '14:30:00', NULL, 'HOTEL DEL MAR,ENJOY', 47, 3, 'YUSUF, DIEGO SUáREZ ( ATACHE)', NULL, 82601031, 'QUINTA VERGARA', 47, '', '', '', 8, 21, '', 0, 0, 'YUSUF CAT STEVENS', 0),
(556, 180, 13, '2015-02-27', '2015-02-26', '16:19:00', '14:30:00', NULL, 'HOTEL DEL MAR,ENJOY', 47, 3, 'YUSUF, DIEGO SUAREZ', NULL, 82601031, 'QUINTA VERGARA', 47, '', '', '', 8, 20, '0', 150000, 0, 'YUSUF CAT STEVENS', 1),
(557, 2, 13, '2015-02-26', '2015-02-26', '18:14:00', '19:00:00', NULL, 'HOTEL GALA', 47, 2, 'CAROLINA MESTROVICH', NULL, 0, 'QUINTA VERGARA', 47, '', '', '', 8, 19, '65', 0, 1, 'ANIMADORES BACKSTAGE', 0),
(558, 2, 101002, '2015-02-26', '2015-02-26', '18:18:00', '20:00:00', NULL, 'HOTEL SAN MARTIN', 47, 6, 'MICHEL COVARUBIAS ', NULL, 0, 'QUINTA VERGARA', 47, '', '', '', 8, 9, '', 0, 0, 'FIEBRE DE VIÑA', 0),
(559, 2, 13, '2015-02-26', '2015-02-26', '18:20:00', '19:45:00', NULL, 'HOTEL SAN MARTIN', 47, 2, 'LORENA BURGOS , NADIA FUENTES', NULL, 0, 'QUINTA VERGARA', 47, '', '', '', 8, 9, '', 0, 0, 'COMERCIAL', 0),
(560, 2, 13, '2015-02-27', '2015-02-26', '18:23:00', '02:45:00', NULL, 'HOTEL O HIGGINS', 47, 2, ' CRISTOBAL FREIGUERIO', NULL, 0, 'HOTEL SHERATON MIRAMAR', 47, '', '', '', 17, 9, '3', 0, 1, 'AUDIO', 0),
(561, 2, 13, '2015-02-27', '2015-02-26', '21:43:00', '09:00:00', NULL, 'HOTEL SHERATON MIRAMAR', 47, 1, 'ALICIA SALDIVIA', NULL, 9, 'INéS MATTE URREJOLA 0890', 23, '', '', '', 7, 19, '108', 0, 1, 'PRODUCCION', 0),
(563, 2, 13, '2015-02-27', '2015-02-27', '00:08:00', '08:30:00', NULL, 'HOTEL SHERATON MIRAMAR', 47, 8, 'JORGE VALENZUELA', NULL, 9, 'QUINTA VERGARA', 47, '', '', '', 8, 8, '48', 0, 1, 'PRODUCCION', 0),
(565, 2, 13, '2015-02-27', '2015-02-27', '00:08:00', '08:30:00', NULL, 'HOTEL SHERATON MIRAMAR', 47, 8, 'JORGE VALENZUELA', NULL, 9, 'QUINTA VERGARA', 47, '', '', '', 8, 8, '48', 0, 1, 'PRODUCCION', 0),
(568, 2, 13, '2015-02-27', '2015-02-27', '00:14:00', '13:00:00', NULL, 'AV VIANA 1155 DEPTO 202', 47, 15, 'JORGE DIAZ', NULL, 75520455, '8 NORTE 65', 47, '', '', '', 17, 8, '51', 0, 1, 'ORQUESTA', 0),
(570, 2, 13, '2015-02-27', '2015-02-27', '00:34:00', '08:00:00', NULL, 'HOTEL DIEGO DE ALMAGRO', 47, 10, 'STAFF OSCAR DE LEON ', NULL, 0, 'QUINTA VERGARA', 47, '', '', '', 8, 8, '44', 0, 1, 'OSCAR DE LEON', 0),
(571, 2, 13, '2015-02-27', '2015-02-27', '00:36:00', '08:30:00', NULL, 'HOTEL SHERATON MIRAMAR', 47, 2, 'OSCAR DE LEON', NULL, 0, 'QUINTA VERGARA', 47, '', '', '', 8, 19, '116', 0, 1, 'JURADO ', 0),
(572, 2, 13, '2015-02-27', '2015-02-27', '00:40:00', '06:30:00', NULL, 'HOTEL DIEGO DE ALMAGRO', 47, 10, 'STAFF NANO STERN', NULL, 0, 'QUINTA VERGARA', 47, '', '', '', 8, 8, '46', 0, 1, 'NANO STERN', 0),
(573, 2, 13, '2015-02-27', '2015-02-27', '00:51:00', '17:00:00', NULL, 'HOTEL RADISION STGO VITACURA', 1, 1, 'LAURA TESORIERO', NULL, 0, 'AEROPUERTO SANTIAGO', 24, '', '', '', 21, 9, '', 60000, 0, 'COMPETENCIA', 1),
(574, 2, 13, '2015-02-27', '2015-02-27', '12:19:00', '12:00:00', NULL, 'HOTEL GALA', 47, 1, 'DOCUMENTOS ', NULL, 0, 'INéS MATTE URREJOLA 0890', 23, '', '', '', 7, 19, '65', 0, 1, 'PRODUCCION', 0),
(575, 181, 13, '2015-02-28', '2015-02-27', '13:27:00', '02:30:00', NULL, 'COUSIÑO 10,HOSTAL COUSIÑO', 47, 10, 'GABRIEL NOGALES, BALETT BOLIVIA + EQUIPAJE', NULL, 72829304, 'AEROPUERTO SANTIAGO', 24, '', '', '', 2, 15, '97', 250000, 0, 'COMPETENCIA', 1),
(576, 181, 13, '2015-02-28', '2015-02-27', '13:44:00', '07:30:00', NULL, 'HOTEL O HIGGINS', 47, 2, 'BOBY KIMBA, JOSE SOTO', NULL, 81353821, 'AEROPUERTO SANTIAGO,HOTEL MANQUEHUE', 7, '', '', 'SE TRASLADA 1 PASAJERO AL AEROPUERTO Y DEL AEROPUERTO EL OTRO AL HOTEL MANQUEHUE. \r\nLUEGO IR A DEJAR AUTO A CONCESONARIO EN VICUÑA MACKENNA 3500\r\nCONTACTO AMELIA CASTRO \r\nSE DEBE SACAR FOTOS DE REGRISTOS AL ENTREGAR EL AUTO', 2, 9, '108', 0, 0, 'COMPETENCIAS ', 0),
(577, 181, 13, '2015-02-28', '2015-02-27', '14:00:00', '10:30:00', NULL, 'HOTEL O HIGGINS', 47, 5, 'ARGENTINA FOLK, JOSE SOTO', NULL, 81353821, 'AEROPUERTO SANTIAGO', 24, '', '', '', 2, 9, '57', 0, 0, 'COMPETENCIA FOLK ARGENTINA ', 0),
(579, 181, 13, '2015-02-28', '2015-02-27', '14:09:00', '12:00:00', NULL, 'HOTEL O HIGGINS', 47, 8, 'COMPETENCIA A STGO DOMICILIOS X DEF, JOSE SOTO', NULL, 81353821, 'SANTIAGO A DEF', 7, '', '', '', 5, 8, '161', 0, 0, 'COMPETENCIA', 1),
(580, 2, 13, '2015-02-27', '2015-02-27', '15:54:00', '16:15:00', NULL, 'HOTEL SAN MARTIN', 47, 1, 'FRED REDONDO', NULL, 0, '5 CINCO REÑACA', 47, '', '', '', 17, 9, '114', 0, 1, 'FIEBRE DE VIÑA', 0),
(581, 181, 13, '2015-02-28', '2015-02-27', '16:03:00', '12:00:00', NULL, 'HOTEL O HIGGINS', 47, 8, 'COMPETENCIA A STGO DOMICILIOS X DEF, JOSE SOTO', NULL, 81353821, 'SANTIAGO A DEF', 47, '', '', '', 5, 8, '141', 0, 0, 'COMPETENCIA', 0),
(582, 181, 13, '2015-02-28', '2015-02-27', '16:06:00', '12:00:00', NULL, 'HOTEL O HIGGINS', 47, 28, 'OSVALDO MONTIEL, BAILARINES COMPETENCIA + EQUIPAJE', NULL, 71402130, 'CHILEVISION', 23, '', '', '', 5, 16, '123', 320000, 0, 'BALLET ', 1),
(583, 2, 1122, '2015-02-27', '2015-02-27', '16:37:00', '17:30:00', NULL, 'HOTEL SAN MARTIN', 47, 1, 'MIGUEL SOTO', NULL, 0, 'DOMICILIO SANTIAGO', 7, '', '', '', 5, 9, '126', 110000, 0, 'ILUMINACION', 1),
(584, 181, 13, '2015-02-28', '2015-02-27', '16:22:00', '12:15:00', NULL, 'HOTEL O HIGGINS', 47, 3, 'ARGENTINA + BOLIVIA , JOSE SOTO', NULL, 81353821, 'AEROPUERTO SANTIAGO', 24, '', '', '', 2, 9, '18', 0, 0, 'COMPETENCIA', 0),
(585, 181, 13, '2015-02-28', '2015-02-27', '16:39:00', '15:00:00', NULL, 'HOTEL O HIGGINS', 47, 2, 'ITALIA, JOSE SOTO', NULL, 81353821, 'AEROPUERTO SANTIAGO', 24, '', '', '', 2, 9, '35', 0, 0, 'COMPETENCIA', 0),
(587, 181, 13, '2015-02-27', '2015-02-27', '17:30:00', '21:15:00', NULL, 'HOTEL SHERATON MIRAMAR', 47, 6, 'OSCAR GUILLERMO CONTRERAS', NULL, 0, 'QUINTA VERGARA', 47, '', '', '', 8, 9, '0', 0, 0, 'PRODUCCION', 0),
(588, 181, 13, '2015-02-27', '2015-02-27', '17:32:00', '20:33:00', NULL, 'HOTEL SAN MARTIN', 47, 1, 'MICHELLE COVARRUBIAS', NULL, 0, 'QUINTA VERGARA', 47, '', '', '', 8, 9, '0', 0, 0, 'SATELITE', 0),
(589, 181, 13, '2015-02-27', '2015-02-27', '17:32:00', '21:15:00', NULL, 'HOTEL DEL MAR,ENJOY', 47, 6, 'INVITADOS PABLO MORALES', NULL, 0, 'QUINTA VERGARA', 47, '', '', '', 8, 9, '0', 0, 0, 'PRODUCCION', 0),
(590, 180, 202001, '2015-02-28', '2015-02-27', '17:31:00', '11:00:00', NULL, 'HOTEL MARINA DEL REY', 47, 6, 'EUGENIA OLIVARES', NULL, 0, 'INéS MATTE URREJOLA 0890', 47, '', '', '', 5, 9, '51', 110000, 0, 'COMERCIAL', 1),
(591, 180, 13, '2015-02-28', '2015-02-27', '17:36:00', '18:00:00', NULL, 'QUINTA VERGARA', 47, 3, 'MARCELO GONZALEZ', NULL, 92248130, 'INéS MATTE URREJOLA 0890', 47, '', '', '', 5, 9, '126', 110000, 0, 'ILUMINACION', 1),
(592, 181, 13, '2015-02-27', '2015-02-27', '17:36:00', '21:00:00', NULL, 'HOTEL DIEGO DE ALMAGRO', 45, 12, 'TECNICOS NANO STERN, DANNY MOYA', NULL, 66556203, 'QUINTA VERGARA', 47, '', '', '', 8, 8, '0', 0, 0, 'NANO STERN', 0),
(593, 181, 13, '2015-02-27', '2015-02-27', '17:39:00', '22:00:00', NULL, 'HOTEL DIEGO DE ALMAGRO', 45, 12, 'MUSICOS NANO STERN, DANNY MOYA', NULL, 66556203, 'QUINTA VERGARA', 47, '', '', '', 8, 8, '0', 0, 0, 'NANO STERN', 0),
(594, 180, 602376, '2015-03-04', '2015-02-27', '17:39:00', '09:00:00', NULL, 'HOTEL O HIGGINS', 47, 7, 'PAULO AHUMADA, TRAMOYAS', NULL, 77494277, 'INéS MATTE URREJOLA 0890', 23, '', '', '', 5, 8, '37', 125000, 0, 'TRAMOYAS', 1),
(595, 181, 13, '2015-02-27', '2015-02-27', '17:40:00', '22:00:00', NULL, 'HOTEL SHERATON MIRAMAR', 47, 2, 'NANO STERN, DANNY MOYA', NULL, 66556203, 'QUINTA VERGARA', 47, '', '', '', 8, 19, '114', 0, 1, 'NANO STERN', 0),
(596, 181, 13, '2015-02-28', '2015-02-27', '17:42:00', '12:00:00', NULL, 'HOTEL DIEGO DE ALMAGRO', 45, 12, 'STAFF NANO STERN, DANNY MOYA', NULL, 66556203, 'LEOPOLDO URRUTIA 2020', 22, '', '', '', 5, 8, '79', 0, 0, 'NANO STERN', 1),
(597, 180, 13, '2015-02-28', '2015-02-27', '17:42:00', '11:00:00', '20:00:00', 'HOTEL MARINA DEL REY', 47, 10, 'LUIS ROMERO', NULL, 84795972, 'INéS MATTE URREJOLA 0890', 23, '', '', 'CITADA EN EN MARINA SE QUEDA CON ELLOS DURANTE EL DIA Y SE VA A STGO.', 7, 8, '44', 140000, 0, 'AUDIO', 1),
(598, 180, 13, '2015-02-28', '2015-02-27', '18:11:00', '11:00:00', '20:00:00', 'HOTEL MARINA DEL REY', 47, 10, 'LUIS ROMERO, AUDIO', NULL, 84795972, 'INéS MATTE URREJOLA 0890', 23, '', '', 'CITADA EN EN MARINA SE QUEDA CON ELLOS DURANTE EL DíA Y SE VA A STGO.', 5, 8, '39', 125000, 0, 'AUDIO', 1),
(599, 181, 13, '2015-02-28', '2015-02-27', '18:19:00', '12:00:00', NULL, 'HOTEL O HIGGINS', 47, 12, 'RONALD SAA, MAQUILLAJE', NULL, 73368271, 'DOMICILIO', 23, '', '', '', 5, 8, '78', 125000, 0, 'MAQUILLAJE ', 1),
(600, 180, 13, '2015-02-28', '2015-02-27', '18:28:00', '11:00:00', '20:00:00', 'HOTEL O HIGGINS', 47, 3, 'ISABEL ORELLANA', NULL, 76581198, 'INéS MATTE URREJOLA 0890', 23, '', '', 'CITADA EN HOTEL O''HIGGINS LAS TRASLADA A LA QUINTA Y SE VA A STGO.', 5, 8, '48', 125000, 0, 'VESTUARIO', 1),
(601, 181, 13, '2015-02-28', '2015-02-27', '18:29:00', '12:00:00', NULL, 'HOTEL O HIGGINS', 47, 1, 'CARGA, RONALD SAA, MAQUILLAJE', NULL, 73368271, 'DOMICILIO SANTIAGO', 23, '', '', '', 5, 6, '143', 235000, 0, 'MAQUILLAJE ', 1),
(602, 180, 13, '2015-02-28', '2015-02-27', '18:30:00', '13:00:00', '18:00:00', 'HOTEL MARINA DEL REY', 47, 25, 'MAURICIO POBLETE', NULL, 75383061, 'INéS MATTE URREJOLA 0890', 23, '', '', '', 5, 15, '97', 250000, 0, 'CAMAROGRAFOS', 1),
(603, 180, 13, '2015-03-01', '2015-02-27', '18:33:00', '10:00:00', '20:00:00', 'HOTEL MARINA DEL REY', 47, 5, 'PAULO VERDUGO', NULL, 82764923, 'INéS MATTE URREJOLA 0890', 23, '', '', '', 5, 9, '164', 110000, 0, 'TECNICA', 1),
(604, 180, 13, '2015-03-03', '2015-02-27', '18:35:00', '12:00:00', '20:00:00', 'HOTEL MARINA DEL REY', 47, 3, 'ENRIQUE ESPINOZA', NULL, 84792974, 'INéS MATTE URREJOLA 0890', 23, '', '', '', 5, 9, '126', 110000, 0, 'TECNICA', 1),
(605, 181, 13, '2015-02-28', '2015-02-27', '18:31:00', '14:00:00', NULL, 'QUINTA VERGARA', 47, 0, 'CARGA', NULL, 84101980, 'DOMICILIO', 23, '', '', '', 5, 13, '72', 325000, 0, 'COMPETENCIA', 1),
(606, 181, 13, '2015-02-28', '2015-02-27', '18:40:00', '14:00:00', NULL, 'QUINTA VERGARA', 47, 10, 'ARTURO VARAS', NULL, 84101980, 'DOMICILIO SANTIAGO', 23, '', '', '', 5, 8, '99', 125000, 0, 'COMPETENCIA', 1),
(607, 180, 13, '2015-02-28', '2015-02-27', '18:59:00', '16:00:00', NULL, 'QUINTA VERGARA', 47, 0, 'CARGA, VICTOR TORO', NULL, 82595351, 'MACHASA', 7, '', '', '', 5, 14, '71', 380000, 0, 'INGENIERIA', 1),
(608, 181, 602376, '2015-03-01', '2015-02-27', '18:54:00', '11:00:00', '14:00:00', 'HOTEL SHERATON MIRAMAR', 47, 0, 'CARGA VALLAS PAPALES, GABRIELA TRUFELLO', NULL, 98300180, 'A DEFINIR', 47, '', '', '', 16, 6, '166', 150000, 0, 'SATELITE', 1),
(609, 181, 602376, '2015-03-01', '2015-02-27', '19:20:00', '10:30:00', '22:00:00', 'QUINTA VERGARA', 47, 6, 'TOP CARGO, GABRIELA TRUFELLO', NULL, 98300180, 'HOTEL SHERATON MIRAMAR,CHILEVISION,VIÑA DEL MAR', 47, '', '', 'VAN SACA GENTE DE TOP CARGO AL SHERATON, CARGAN, SE VAN A CHILEVISION A DESCARGAR UNOS CAMIONES DE ING, VUELVEN A VIÑA.', 16, 9, '51', 125000, 0, 'SATELITE', 1),
(610, 180, 13, '2015-02-28', '2015-02-27', '19:15:00', '16:00:00', '23:00:00', 'QUINTA VERGARA', 47, 6, 'TOP CARGO', NULL, 0, 'MACHASA', 7, '', '', 'LOS LLEVA A STGO Y LOS REGRESA A VIñA.', 7, 9, '164', 125000, 0, 'INGENIERIA', 1),
(611, 181, 13, '2015-02-28', '2015-02-27', '19:53:00', '16:30:00', NULL, 'HOTEL O HIGGINS', 47, 4, 'LORI NUIC (CANADA), MARCO CASTILLO, VESNA NUIC, AN', NULL, 81353821, 'AEROPUERTO SANTIAGO', 24, '', '', '', 2, 9, '57', 0, 1, 'COMPETENCIA', 0),
(612, 181, 13, '2015-02-28', '2015-02-27', '20:05:00', '12:00:00', NULL, 'HOTEL SHERATON MIRAMAR', 47, 2, 'NAYADE, DANIEL VIDAL', NULL, 94535710, 'PASAJE PARIS 31,JOAQUIN LATELEY,PLAYA ANCHA', 45, '', '', '', 17, 9, '33', 0, 1, 'JURADO', 0),
(613, 180, 13, '2015-02-28', '2015-02-27', '20:17:00', '12:00:00', NULL, 'HOTEL GALA', 47, 3, 'KARL LAGOS, LORETO PIZARRO, MABEL VERA', NULL, 65098019, 'INéS MATTE URREJOLA 0890', 23, '', '', '', 5, 9, '163', 110000, 0, 'PRODUCCION', 1),
(614, 180, 13, '2015-02-28', '2015-02-27', '20:28:00', '09:00:00', NULL, 'QUINTA VERGARA', 47, 0, 'CARGA, CLAUDIO ', NULL, 91715012, 'SUAREZ MUJICA 1033', 22, '', '', '', 5, 13, '72', 325000, 0, 'ORQUESTA', 1),
(615, 181, 13, '2015-02-28', '2015-02-27', '20:30:00', '10:00:00', NULL, 'HOTEL SHERATON MIRAMAR', 47, 2, 'PEDRO AZNAR, CONTACTO, FRANCISCO DOMINGUEZ', NULL, 87884675, 'AEROPUERTO SANTIAGO', 24, 'SKY 507', '', 'LUEGO IR A DEJAR AUTO A CONCESONARIO EN VICUÑA MACKENNA 3500\r\nCONTACTO AMELIA CASTRO \r\nSE DEBE SACAR FOTOS DE REGRISTOS AL ENTREGAR EL AUT', 2, 19, '107', 0, 1, 'JURADO', 0),
(616, 180, 13, '2015-02-28', '2015-02-27', '20:31:00', '10:00:00', NULL, 'QUINTA VERGARA', 47, 25, 'CLAUDIO', NULL, 91715012, 'SUAREZ MUJICA 1033', 23, '', '', '', 5, 15, '146', 250000, 0, 'ORQUESTA', 1),
(617, 2, 13, '2015-02-28', '2015-02-27', '21:08:00', '01:00:00', NULL, 'QUINTA VERGARA', 47, 29, 'STAFF OSCAR DE LEON', NULL, 0, 'AEROPUERTO SANTIAGO', 24, '', '', 'BUS SALE DE QUINTA Y CARGA EQUIPAJES A LAS 22 HRS EN HOTEL DIEGO DE ALMAGRO', 2, 16, '123', 0, 0, 'OSCAR DE LEON', 0),
(618, 181, 13, '2015-02-28', '2015-02-27', '20:43:00', '12:00:00', NULL, 'HOTEL SHERATON MIRAMAR', 47, 3, 'NICOLE, EQUIPAJE, CONTACTO PAOLA GAETE', NULL, 96791895, 'TUNQUEN', 0, '', '', 'TRASLADO ALGARROBO', 16, 9, '117', 120000, 0, 'JURADO', 1),
(619, 180, 13, '2015-02-28', '2015-02-27', '21:30:00', '16:00:00', NULL, 'HOTEL GALA', 47, 0, 'CARGA, COMPUTADORES Y COSAS OFICINA PRODUCCION', NULL, 76170130, 'INéS MATTE URREJOLA 0890', 23, '', '', '', 5, 13, '143', 325000, 0, 'PRODUCCION', 1),
(620, 180, 13, '2015-03-01', '2015-02-27', '21:47:00', '12:00:00', NULL, 'HOTEL GALA', 47, 4, 'MARCELO ANDRADE', NULL, 0, 'INéS MATTE URREJOLA 0890', 23, '', '', '', 5, 9, '63', 110000, 0, 'INFORMATICA', 1),
(621, 180, 13, '2015-03-02', '2015-02-27', '21:48:00', '14:00:00', NULL, 'HOTEL GALA', 47, 3, 'MANUEL GONZALEZ', NULL, 0, 'INéS MATTE URREJOLA 0890', 23, '', '', '', 5, 9, '126', 110000, 0, 'INFORMATICA', 1),
(622, 2, 13, '2015-02-28', '2015-02-27', '21:55:00', '06:30:00', NULL, 'HOTEL SHERATON MIRAMAR', 47, 2, 'MARIA ALEJANDRA REQUENA, KAREN WILLET', NULL, 0, 'AEROPUERTO SANTIAGO', 24, '', 'LAN 504', 'LUEGO IR A DEJAR AUTO A CONCESONARIO EN VICUÑA MACKENNA 3500\r\nCONTACTO AMELIA CASTRO \r\nSE DEBE SACAR FOTOS DE REGRISTOS AL ENTREGAR EL AUT0', 2, 19, '112', 0, 1, 'JURADO ', 0),
(624, 180, 13, '2015-02-28', '2015-02-27', '23:05:00', '07:00:00', NULL, 'HOTEL DEL MAR,ENJOY', 47, 1, 'CLAUDIO ESPINOZA', NULL, 82940905, 'ALONSO DE ERCILLA 3055', 22, '', '', 'DESPUES DEL SERVICIO DEBES DEJAR AUTO EN CONCESONARIO EN VICY|', 5, 9, '115', 110000, 0, 'ANIMADORES', 1),
(625, 180, 13, '2015-02-28', '2015-02-27', '23:11:00', '15:00:00', NULL, 'HOTEL DEL MAR,ENJOY', 47, 0, 'VESTUARIO RAFAEL ARANEDA', NULL, 91586699, 'LUZ 2906,DEPTO 121,EL GOLF', 1, '', '', '', 5, 9, '121', 110000, 0, 'ANIMADORES', 1),
(626, 181, 13, '2015-02-28', '2015-02-27', '23:21:00', '07:15:00', NULL, 'HOTEL O HIGGINS', 47, 12, 'AUDIO, MAQUILLAJE, PELUQUERIA Y VESTUARIO', NULL, 0, 'HOTEL SHERATON MIRAMAR', 47, '', '', '', 17, 8, '45', 0, 1, 'SATELITE', 0),
(627, 181, 13, '2015-02-28', '2015-02-27', '23:21:00', '07:15:00', NULL, 'HOTEL O HIGGINS', 47, 12, 'TRAMOYA, GC Y UTILEROS', NULL, 0, 'HOTEL SHERATON MIRAMAR', 47, '', '', '', 17, 8, '46', 0, 1, 'SATELITE', 0),
(628, 181, 13, '2015-02-28', '2015-02-27', '23:22:00', '07:15:00', NULL, 'HOTEL MARINA DEL REY', 47, 12, 'ILUMINACION, CAMARA Y CONTROL VIDEO', NULL, 0, 'HOTEL SHERATON MIRAMAR', 47, '', '', '', 17, 8, '149', 0, 1, 'SATELITE', 0),
(629, 181, 13, '2015-02-28', '2015-02-27', '23:23:00', '11:00:00', NULL, 'HOTEL MARINA DEL REY', 47, 12, 'SEBASTIAN VALLEJOS, FDV', NULL, 57594998, 'HOTEL SHERATON MIRAMAR', 47, '', '', '', 17, 8, '149', 0, 1, 'SATELITE', 0),
(630, 181, 13, '2015-02-28', '2015-02-27', '23:24:00', '11:30:00', NULL, 'HOTEL SAN MARTIN', 47, 1, 'NATALIA GONZALEZ', NULL, 89118559, 'HOTEL SHERATON MIRAMAR', 47, '', '', '', 17, 9, '17', 0, 1, 'COMERCIAL', 0),
(631, 180, 13, '2015-02-28', '2015-02-27', '23:28:00', '18:15:00', NULL, 'HOTEL SAN MARTIN', 47, 1, 'MACA MELLA', NULL, 84488713, 'HOTEL SHERATON MIRAMAR', 47, '', '', '', 17, 9, '16', 0, 1, 'COMERCIAL', 0),
(632, 180, 13, '2015-02-28', '2015-02-27', '23:29:00', '21:00:00', NULL, 'HOTEL SHERATON MIRAMAR', 47, 5, 'SEBASTIAN VALLEJOS', NULL, 0, 'HOTEL SAN MARTIN', 47, '', '', '', 17, 9, '16', 0, 1, 'FIEBRE DE VIñA', 0),
(633, 181, 13, '2015-02-28', '2015-02-27', '23:26:00', '14:30:00', NULL, 'QUINTA VERGARA', 47, 8, 'TOP CARGO, ENZO GECELE', NULL, 66279296, 'HOTEL GALA,CHILEVISION,QUINTA VERGARA', 47, '', '', '', 7, 9, '20', 125000, 0, 'PRODUCCION', 1),
(634, 2, 13, '2015-02-28', '2015-02-28', '00:14:00', '03:00:00', NULL, 'QUINTA VERGARA', 47, 0, 'CARGA', NULL, 0, 'LEOPOLDO URRUTIA 2020', 22, '', '', '', 5, 6, '61', 235000, 0, 'NANO STERN', 1),
(635, 2, 13, '2015-02-28', '2015-02-28', '00:18:00', '06:30:00', NULL, 'HOTEL DIEGO DE ALMAGRO', 47, 1, 'OCTAVIO SILVA', NULL, 0, 'AEROPUERTO SANTIAGO', 24, '', '', 'DEBE ENTREGA AUTO EN CONSESORIA EN VICUÑA MAVKENA 3500 \r\nCONTACTO VIOLETA CASTRO ', 2, 19, '107', 0, 1, 'OSCAR DE LEON', 0),
(636, 2, 13, '2015-02-28', '2015-02-28', '00:41:00', '02:00:00', NULL, 'QUINTA VERGARA', 47, 2, 'DAVID AYALA - JAVIER DIAZ', NULL, 0, 'AEROPUERTO SANTIAGO', 24, '', '', '', 2, 19, '116', 0, 1, 'OSCAR DE LEON', 0),
(637, 2, 13, '2015-02-28', '2015-02-28', '01:14:00', '11:45:00', NULL, 'QUINTA VERAGARA', 47, 10, 'TOP CARGO', NULL, 0, 'AMERICO VESPUCIO 0655,STEWARD', 13, '', '', '', 7, 8, '43', 140000, 0, 'CAMARINES', 1),
(638, 2, 13, '2015-02-28', '2015-02-28', '01:17:00', '08:00:00', NULL, 'QUINTA VERGARA', 47, 0, 'CARGA', NULL, 0, 'AMERICO VESPUCIO 0655,STEWARD', 13, '', '', '', 5, 14, '71', 380000, 0, 'CAMARINES', 1),
(639, 2, 13, '2015-02-27', '2015-02-28', '01:17:00', '01:00:00', NULL, 'QUINTA VERGARA', 47, 0, 'CARGA ROMERO', NULL, 0, 'ESTADIO NACIONAL ', 22, '', '', '', 5, 22, '152', 400000, 0, 'ROMEO SANTOS', 1),
(640, 2, 13, '2015-02-28', '2015-02-28', '01:19:00', '08:00:00', NULL, 'QUINTA VERGARA', 47, 0, 'CARGA', NULL, 0, 'AMERICO VESPUCIO 0655,STEWARD', 13, '', '', '', 5, 14, '71', 380000, 0, 'CAMARINES', 1),
(641, 2, 13, '2015-02-28', '2015-02-28', '01:20:00', '08:00:00', NULL, 'QUINTA VERGARA ', 47, 0, 'CARGA', NULL, 0, 'AMERICO VESPUCIO 0655,STEWARD', 13, '', '', '', 5, 14, '71', 380000, 0, 'CAMARINES', 1),
(642, 2, 13, '2015-03-01', '2015-02-28', '01:23:00', '08:00:00', NULL, 'QUINTA VERGARA', 47, 0, 'CARGA', NULL, 0, 'MACHASA', 6, '', '', '', 5, 14, '71', 380000, 0, 'PRODUCCION', 1),
(643, 2, 13, '2015-03-01', '2015-02-28', '01:25:00', '08:00:00', NULL, 'QUINTA VERGARA', 47, 0, 'CARGA', NULL, 0, 'MACHASA', 6, '', '', '', 5, 14, '72', 380000, 0, 'CAMARINES', 1),
(644, 2, 13, '2015-03-01', '2015-02-28', '01:26:00', '08:00:00', NULL, 'QUINTA VERGARA', 47, 0, 'CARGA', NULL, 0, 'MACHASA', 6, '', '', '', 5, 14, '71', 380000, 0, 'CARGA PRODUCCION', 1),
(645, 2, 13, '2015-03-01', '2015-02-28', '01:27:00', '11:00:00', NULL, 'QUINTA VERGARA', 47, 14, 'TOP CARGO', NULL, 0, 'MACHASA', 6, '', '', '', 7, 8, '44', 140000, 0, 'CARGA PRODUCCION', 1),
(646, 2, 13, '2015-02-28', '2015-02-28', '01:35:00', '08:30:00', NULL, 'HOTEL MARINA DEL REY', 47, 3, 'SANDRA CEBALLOS', NULL, 0, 'QUINTA VERGARA', 47, '', '', '', 8, 9, '149', 0, 1, 'PRODUCCION', 0),
(647, 2, 13, '2015-02-28', '2015-02-28', '01:37:00', '07:30:00', NULL, 'HOTEL O HIGGINS', 47, 10, 'MARIO MATURANA', NULL, 0, 'HOTEL SHERATON MIRAMAR', 47, '', '', '', 17, 8, '53', 0, 1, 'AUDIO', 0),
(648, 2, 13, '2015-02-28', '2015-02-28', '02:29:00', '15:00:00', NULL, 'HOTEL GALA', 47, 40, 'STAFF PRODUCCION ', NULL, 0, 'INéS MATTE URREJOLA 0890', 23, '', '', '', 5, 16, '', 320000, 0, 'PRODUCCION', 1),
(649, 2, 13, '2015-02-28', '2015-02-28', '03:02:00', '03:00:00', NULL, 'QUINTA VERGARA', 47, 14, 'STAFF OSCAR DE LEON ', NULL, 0, 'AEROPUERTO SANTIAGO', 24, '', '', '', 2, 8, '43', 125000, 0, 'OSCAR DE LEON', 1),
(650, 2, 13, '2015-02-28', '2015-02-28', '03:05:00', '03:00:00', NULL, 'QUINTA VERGARA', 47, 14, 'STAFF OSCAR DE LEON ', NULL, 0, 'AEROPUERTO SANTIAGO', 24, '', '', '', 2, 8, '49', 125000, 0, 'OSCAR DE LEON', 1),
(651, 2, 13, '2015-02-28', '2015-02-28', '03:07:00', '03:00:00', NULL, 'QUINTA VERGARA', 47, 14, 'STAFF OSCAR DE LEON ', NULL, 0, 'AEROPUERTO SANTIAGO', 24, '', '', '', 2, 8, '45', 125000, 0, 'OSCAR DE LEON', 1),
(652, 2, 13, '2015-02-28', '2015-02-28', '12:33:00', '13:00:00', NULL, 'HOTEL GALA', 47, 3, 'PERSONAL DE CHILEVISON', NULL, 0, 'INéS MATTE URREJOLA 0890', 23, '', '', '', 5, 9, '14', 110000, 0, 'PRODUCCION', 1),
(654, 2, 13, '2015-02-28', '2015-02-28', '15:42:00', '18:00:00', NULL, '3 PONIENTE 320 DE 801', 45, 2, 'JOSE MANUEL RODRIGUEZ', NULL, 0, 'AEROPUERTO SANTIAGO', 24, '', '', '', 2, 9, '', 0, 1, 'JURADO ', 0),
(655, 2, 13, '2015-02-28', '2015-02-28', '16:22:00', '20:00:00', NULL, 'HOTEL ENJOY', 47, 2, 'PABLO GALVEZ', NULL, 0, 'DOMICILIO', 17, '', '', '', 5, 8, '25', 125000, 0, 'VESTUARIO ANIMADORA', 1),
(657, 2, 13, '2015-02-28', '2015-02-28', '18:47:00', '19:00:00', NULL, 'HOTEL SHERATON MIRAMAR', 47, 0, 'CARGA', NULL, 77494277, 'INéS MATTE URREJOLA 0890', 23, '', '', '', 5, 13, '72', 325000, 0, 'PABLO AHUAMDA', 1),
(658, 2, 13, '2015-03-01', '2015-02-28', '19:02:00', '12:00:00', NULL, 'HOTEL ENJOY', 47, 5, 'RAFAEL ARANEDA', NULL, 0, 'CACHAGUA', 47, '', '', 'TRASLADO CACHAGUA', 16, 9, '126', 120000, 0, 'ANIMADORES', 1),
(659, 2, 13, '2015-03-02', '2015-03-01', '14:52:00', '12:00:00', NULL, 'QUINTA VERGARA', 47, 6, 'PABLO VENEGAS', NULL, 56492821, 'INéS MATTE URREJOLA 0890', 23, '', '', '', 5, 9, '51', 110000, 0, 'PRODUCCION', 1),
(660, 2, 13, '2015-03-02', '2015-03-01', '14:53:00', '09:00:00', NULL, 'QUINTA VERGARA', 47, 0, 'CARGA, PABLO VENEGAS', NULL, 56492821, 'INéS MATTE URREJOLA 0890', 23, '', '', '', 5, 13, '71', 325000, 0, 'PRODUCCION', 1),
(661, 2, 13, '2015-03-02', '2015-03-01', '14:55:00', '09:00:00', NULL, 'QUINTA VERGARA', 47, 0, 'CARGA, PABLO VENEGAS', NULL, 56492821, 'INéS MATTE URREJOLA 0890', 23, '', '', '', 5, 13, '72', 325000, 0, 'PRODUCCION', 1),
(662, 2, 602376, '2015-03-01', '2015-03-02', '11:57:00', '15:00:00', NULL, 'HOTEL SHERATON MIRAMAR', 47, 8, 'TOP CARGO, GABRIELA TRUFELLO', NULL, 98300180, 'MACHAZA', 7, '', '', '', 7, 8, '51', 140000, 0, 'SATELITE', 1),
(663, 2, 13, '2015-03-02', '2015-03-02', '11:59:00', '17:00:00', NULL, 'QUINTA VERGARA', 47, 4, 'MATIAS HENRIQUEZ ', NULL, 0, 'INéS MATTE URREJOLA 0890', 23, '', '', '', 5, 9, '83', 110000, 0, 'PRODUCCION', 1),
(664, 2, 13, '2015-03-02', '2015-03-02', '12:00:00', '17:00:00', NULL, 'QUINTA VERGARA ', 47, 0, 'CARGA, MATIAS HENRIQQUEZ', NULL, 0, 'INéS MATTE URREJOLA 0890', 23, '', '', '', 5, 6, '72', 235000, 0, 'PRODUCCION', 1),
(665, 2, 13, '2015-03-02', '2015-03-02', '12:08:00', '15:00:00', NULL, 'QUINTA VERGARA', 47, 6, 'TOP CARGO, CRISTIAN MENA', NULL, 79960247, 'MACHAZA', 7, '', '', '', 11, 9, '44', 145000, 0, 'PRODUCCION', 1),
(666, 2, 13, '2015-03-04', '2015-03-04', '10:12:00', '10:00:00', NULL, 'HOTEL MARINA DEL REY', 47, 5, 'GONZALO BAZARES ', NULL, 0, 'INéS MATTE URREJOLA 0890', 23, '', '', '', 5, 9, '126', 110000, 0, 'PRODUCCION ', 1),
(667, 2, 13, '2015-02-25', '2015-03-05', '15:46:00', '12:00:00', NULL, 'HOTEL SHERATON MIRAMAR', 47, 4, 'LUIS FONSI, PATRICIA VARGAS', NULL, 0, 'AEROPUERTO SANTIAGO', 24, '', '', '', 2, 20, '101', 200000, 0, 'LUIS FONSI', 1),
(668, 2, 13, '2015-02-25', '2015-03-05', '15:50:00', '09:30:00', NULL, 'HOTEL DIEGO DE ALMAGRO', 47, 40, 'STAFF LUIS FONSI', NULL, 0, 'AEROPUERTO SANTIAGO', 24, '', '', '', 2, 16, '123', 320000, 0, 'LUIS FONSI', 1),
(670, 2, 13, '2015-02-25', '2015-03-05', '15:52:00', '09:00:00', NULL, 'HOTEL SHERATON MIRAMAR', 47, 2, 'CARGA LUIS FONSI', NULL, 0, 'AEROPUERTO SANTIAGO', 24, '', '', '', 2, 12, '126', 125000, 0, 'LUIS FONSI', 1),
(672, 2, 13, '2015-02-23', '2015-03-05', '16:01:00', '09:00:00', '19:00:00', 'HOTEL HYATT', 1, 9, 'STAFF PARTY A CARTS STEVENS ', NULL, 0, 'DISPOSICION', 1, '', '', '', 10, 8, '84', 150000, 0, 'YUSEF CATS STEVENS', 1),
(673, 2, 13, '2015-02-23', '2015-03-05', '16:03:00', '09:00:00', '17:00:00', 'AEROPUERTO SANTIAGO', 24, 4, 'SEGURIDAD YUSEF CATS STEVENS', NULL, 0, 'HOTEL HYATT', 1, 'JJ 8026', '', '', 12, 20, '140', 150000, 0, 'YUSEF CATS STEVENS', 1),
(674, 2, 13, '2015-02-23', '2015-03-05', '16:05:00', '17:00:00', '22:00:00', 'HOTEL HYATT', 1, 4, 'SEGURIDAD YUSEF CATS STEVENS', NULL, 0, 'DISPOSICION', 1, '', '', '', 14, 20, '140', 75000, 0, 'YUSEF CATS STEVENS', 1),
(676, 2, 13, '2015-02-23', '2015-03-05', '16:08:00', '09:00:00', '19:00:00', 'HOTEL HYATT', 1, 9, 'STAFF PARTY B CARTS STEVENS ', NULL, 0, 'DISPOSICION', 1, '', '', '', 10, 8, '85', 150000, 0, 'YUSEF CATS STEVENS', 1),
(679, 2, 13, '2015-02-23', '2015-03-05', '16:09:00', '10:00:00', '18:00:00', 'AEROPUERTO SANTIAGO', 24, 2, 'YUSEF CATS STEVENS', NULL, 0, 'HOTEL HYATT', 1, '', '', '', 12, 21, '148', 150000, 0, 'YUSEF CATS STEVENS', 1),
(680, 2, 101002, '2015-02-24', '2015-03-05', '16:11:00', '08:30:00', '16:30:00', 'HOTEL HAYTT', 1, 2, 'YUSEF CATS STEVENS', NULL, 0, 'DISPOSICION', 1, '', '', '', 12, 21, '148', 150000, 0, 'YUSEF CATS STEVENS', 1),
(681, 2, 13, '2015-02-24', '2015-03-05', '16:12:00', '08:00:00', '16:00:00', 'HOTEL HYATT', 1, 4, 'SEGURIDAD YUSEF CATS STEVENS', NULL, 0, 'DISPOSICION', 1, '', '', '', 12, 20, '140', 150000, 0, 'YUSEF CATS STEVENS', 1),
(682, 2, 13, '2015-02-23', '2015-03-05', '16:36:00', '19:00:00', '22:00:00', 'HOTEL HAYTT', 1, 9, 'STAFF PARTY A CARTS STEVENS ', NULL, 0, 'DISPOSICION', 1, '', '', '', 14, 8, '84', 45000, 0, 'YUSEF CATS STEVENS', 1),
(683, 2, 13, '2015-02-23', '2015-03-05', '16:42:00', '17:00:00', '21:00:00', 'HOTEL HYATT', 1, 9, 'STAFF PARTY B CARTS STEVENS ', NULL, 0, 'DISPOSCION', 1, '', '', '', 14, 8, '85', 60000, 0, 'YUSEF CATS STEVENS', 1),
(684, 2, 13, '2015-02-23', '2015-03-05', '16:47:00', '18:00:00', '20:00:00', 'HOTEL HYATT', 1, 2, 'YUSEF CATS STEVENS', NULL, 0, 'DISPOSICION', 1, '', '', '', 14, 21, '148', 30000, 0, 'YUSEF CATS STEVENS', 1),
(685, 2, 13, '2015-02-24', '2015-03-05', '16:57:00', '08:00:00', '18:00:00', 'HOTEL HYATT', 1, 9, 'STAFF PARTY A CARTS STEVENS ', NULL, 0, 'DISPOSICION ', 1, '', '', '', 10, 8, '84', 150000, 0, 'YUSEF CATS STEVENS', 1),
(686, 2, 13, '2015-02-24', '2015-03-05', '17:02:00', '16:30:00', '22:30:00', 'HOTEL HYATT', 1, 2, 'YUSEF CATS STEVENS', NULL, 0, 'DISPOSCION', 1, '', '', '', 14, 21, '148', 105000, 0, 'YUSEF CATS STEVENS', 1),
(687, 2, 13, '2015-02-24', '2015-03-05', '17:03:00', '16:30:00', '22:30:00', 'HOTEL HYATT', 1, 4, 'SEGURIDAD YUSEF CATS STEVENS', NULL, 0, 'DISPOSICION', 1, '', '', '', 14, 21, '140', 105000, 0, 'YUSEF CATS STEVENS', 1),
(688, 2, 13, '2015-02-24', '2015-03-05', '17:04:00', '08:00:00', '18:00:00', 'HOTEL HYATT', 1, 9, 'STAFF PARTY B CARTS STEVENS ', NULL, 0, 'DISPOSIICON', 1, '', '', '', 10, 8, '85', 150000, 0, 'YUSEF CATS STEVENS', 1),
(689, 2, 13, '2015-02-24', '2015-03-05', '17:05:00', '18:00:00', '22:00:00', 'HOTEL HYATT', 1, 9, 'STAFF PARTY B CARTS STEVENS ', NULL, 0, 'DISPOSICION', 1, '', '', '', 14, 8, '85', 60000, 0, 'YUSEF CATS STEVENS', 1),
(690, 2, 13, '2015-02-25', '2015-03-05', '17:07:00', '08:00:00', '18:00:00', 'HOTEL HYATT', 1, 9, 'STAFF PARTY A CARTS STEVENS ', NULL, 0, 'DISPOSICION ', 1, '', '', '', 10, 8, '84', 150000, 0, 'YUSEF CATS STEVENS', 1),
(691, 2, 13, '2015-02-25', '2015-03-05', '17:08:00', '18:00:00', '22:00:00', 'HOTEL HYATT', 1, 9, 'STAFF PARTY A CARTS STEVENS ', NULL, 0, 'DISPOSCION', 1, '', '', '', 14, 8, '84', 60000, 0, 'YUSEF CATS STEVENS', 1),
(692, 2, 13, '2015-02-25', '2015-03-05', '17:09:00', '08:00:00', '18:00:00', 'HOTEL HYATT', 1, 9, 'STAFF PARTY B CARTS STEVENS ', NULL, 0, 'DISPOSCION', 1, '', '', '', 10, 8, '85', 150000, 0, 'YUSEF CATS STEVENS', 1),
(693, 2, 13, '2015-02-25', '2015-03-05', '17:10:00', '18:00:00', '22:00:00', 'HOTEL HYATT', 1, 9, 'STAFF PARTY B CARTS STEVENS ', NULL, 0, 'DISPOSCION', 1, '', '', '', 14, 8, '85', 60000, 0, 'YUSEF CATS STEVENS', 1),
(694, 2, 13, '2015-02-25', '2015-03-05', '17:12:00', '10:00:00', '22:00:00', 'HOTEL HYATT', 1, 4, 'SEGURIDAD YUSEF CATS STEVENS', NULL, 0, 'DISPOSCION', 1, '', '', '', 14, 20, '140', 180000, 0, 'YUSEF CATS STEVENS', 1),
(695, 2, 13, '2015-02-25', '2015-03-05', '17:13:00', '08:00:00', '16:00:00', 'HOTEL HYATT', 1, 2, 'YUSEF CATS STEVENS', NULL, 0, 'DISPOSCION ', 1, '', '', '', 12, 21, '148', 150000, 0, 'YUSEF CATS STEVENS', 1),
(696, 2, 13, '2015-02-25', '2015-03-05', '17:14:00', '16:00:00', '22:00:00', 'HOTEL HYATT', 1, 2, 'YUSEF CATS STEVENS', NULL, 0, 'DISPOSCION', 1, '', '', '', 14, 21, '148', 90000, 0, 'YUSEF CATS STEVENS', 1),
(697, 2, 13, '2015-02-26', '2015-03-05', '17:16:00', '10:00:00', '14:00:00', 'HOTEL HYATT', 1, 4, 'SEGURIDAD YUSEF CATS STEVENS', NULL, 0, 'HOTEL SHERATON MIRAMAR', 47, '', '', '', 4, 20, '140', 200000, 0, 'YUSEF CATS STEVENS', 1),
(698, 2, 13, '2015-02-26', '2015-03-05', '17:20:00', '15:00:00', '00:00:00', 'HOTEL SHERATON MIRAMAR', 47, 4, 'SEGURIDAD YUSEF CATS STEVENS', NULL, 0, 'DISPOSICION', 47, '', '', '', 13, 20, '140', 150000, 0, 'YUSEF CATS STEVENS', 1),
(699, 2, 13, '2015-02-27', '2015-03-05', '17:20:00', '10:00:00', '18:00:00', 'HOTEL SHERATON MIRAMAR', 47, 4, 'SEGURIDAD YUSEF CATS STEVENS', NULL, 0, 'DISPOSICION', 47, '', '', '', 13, 20, '140', 150000, 0, 'YUSEF CATS STEVENS', 1),
(700, 2, 13, '2015-02-27', '2015-03-05', '17:21:00', '21:00:00', '04:00:00', 'HOTEL SHERATON MIRAMAR', 47, 4, 'SEGURIDAD YUSEF CATS STEVENS', NULL, 0, 'DISPOSICION', 47, '', '', '', 15, 20, '140', 105000, 0, 'YUSEF CATS STEVENS', 1),
(701, 2, 13, '2015-02-28', '2015-03-05', '17:24:00', '10:00:00', '15:00:00', 'HOTEL SHERATON MIRAMAR', 47, 4, 'SEGURIDAD YUSEF CATS STEVENS', NULL, 0, 'HOTEL HYATT', 1, '', '', '', 5, 20, '140', 200000, 0, 'YUSEF CATS STEVENS', 1),
(702, 2, 13, '2015-02-28', '2015-03-05', '17:25:00', '17:00:00', '23:00:00', 'HOTEL HYATT', 1, 4, 'SEGURIDAD YUSEF CATS STEVENS', NULL, 0, 'DISPOSCION', 1, '', '', '', 12, 20, '140', 150000, 0, 'YUSEF CATS STEVENS', 1),
(703, 2, 13, '2015-03-01', '2015-03-05', '17:26:00', '08:00:00', '13:45:00', 'HOTEL HYATT', 1, 4, 'SEGURIDAD YUSEF CATS STEVENS', NULL, 0, 'DISPOSCION', 1, '', '', '', 12, 20, '140', 150000, 0, 'YUSEF CATS STEVENS', 1),
(704, 2, 13, '2015-03-01', '2015-03-05', '17:27:00', '08:00:00', '13:00:00', 'HOTEL HAYTT', 1, 2, 'YUSEF CATS STEVENS', NULL, 0, 'DISPOSCION ', 1, '', '', '', 13, 21, '148', 150000, 0, 'YUSEF CATS STEVENS', 1),
(705, 2, 13, '2015-02-23', '2015-03-06', '12:06:00', '12:00:00', '20:00:00', 'HOTEL SHERATON MIRAMAR', 47, 4, 'SERGURIDAD ARJONA ', NULL, 0, 'DISPOSICION', 47, '', '', '', 13, 20, '154', 150000, 0, 'RICARDO ARJONA ', 1),
(706, 2, 13, '2015-02-23', '2015-03-06', '12:08:00', '22:00:00', '04:00:00', 'HOTEL SHERATON MIRAMAR', 47, 4, 'SEGURIDAD RICARDO ARJONA', NULL, 0, 'DISPOSICION', 47, '', '', '', 13, 20, '154', 150000, 0, 'RICARDO ARJONA ', 1),
(707, 2, 13, '2015-02-24', '2015-03-06', '12:09:00', '12:00:00', '20:00:00', 'HOTEL SHERATON MIRAMAR', 47, 4, 'SEGURIDAD RICARDO ARJONA', NULL, 0, 'AEROPUERTO SANTIAGO', 24, '', '', '', 2, 20, '154', 200000, 0, 'RICARDO ARJONA ', 1),
(708, 2, 13, '2015-02-22', '2015-03-06', '12:17:00', '10:00:00', '18:00:00', 'HOTEL SHERATON MIRAMAR', 47, 4, 'STAFF YANDEL', NULL, 0, 'DISPOSICION', 47, '', '', '', 13, 20, '133', 150000, 0, 'YANDEL', 1),
(709, 2, 13, '2015-02-22', '2015-03-06', '12:20:00', '21:00:00', '03:00:00', 'HOTEL SHERATON MIRAMAR', 47, 4, 'STAFF YANDEL', NULL, 0, 'DISPOSICION', 47, '', '', '', 15, 20, '133', 90000, 0, 'YANDEL', 1),
(710, 2, 13, '2015-02-23', '2015-03-06', '12:38:00', '10:00:00', '18:00:00', 'HOTEL SHERATON MIRAMAR', 47, 4, 'STAFF YANDEL', NULL, 0, 'HOTEL SHERATON', 7, '', '', '', 2, 20, '133', 200000, 0, 'YANDEL', 1),
(711, 2, 13, '2015-02-23', '2015-03-06', '14:48:00', '01:00:00', NULL, 'AEROPUERTO SANTIAGO', 24, 2, 'CARGA ALEJANDRO FERNANDEZ', NULL, 0, 'HOTEL SHERATON MIRAMAR', 47, 'gol 7662', '', '', 3, 12, '136', 125000, 0, 'ALEJANDRO FERNANDEZ', 1),
(712, 2, 13, '2015-02-25', '2015-03-06', '14:53:00', '02:00:00', NULL, 'HOTEL SHERATON MIRAMAR', 47, 2, 'CARGA ALEJANDRO FERNANDEZ', NULL, 0, 'AEROPUERTO SANTIAGO', 24, '', '', '', 2, 12, '136', 125000, 0, 'ALEJANDRO FERNANDEZ', 1),
(713, 2, 13, '2015-02-23', '2015-03-06', '14:57:00', '01:10:00', '05:00:00', 'AEROPUERTO SANTIAGO', 24, 4, 'STAFF ALEJANDRO FERNANDEZ', NULL, 0, 'HOTEL SHERATON MIRAMAR', 47, '', '', '', 3, 20, '154', 200000, 0, 'ALEJANDRO FERNANDEZ', 1),
(714, 2, 13, '2015-02-23', '2015-03-06', '14:59:00', '14:00:00', '23:00:00', 'HOTEL SHERATON MIRAMAR', 47, 2, 'STAFF ALEJANDRO FERNANDEZ', NULL, 0, 'DISPOSICION', 47, '', '', '', 13, 20, '154', 150000, 0, 'ALEJANDRO FERNANDEZ', 1),
(715, 2, 13, '2015-02-24', '2015-03-06', '15:00:00', '14:00:00', '00:00:00', 'HOTEL SHERATON MIRAMAR', 47, 2, 'STAFF ALEJANDRO FERNANDEZ', NULL, 0, 'DISPOSICION', 47, '', '', '', 13, 20, '155', 150000, 0, 'ALEJANDRO FERNANDEZ', 1),
(716, 2, 13, '2015-02-25', '2015-03-06', '15:01:00', '01:10:00', '08:00:00', 'HOTEL SHERATON MIRAMAR', 47, 2, 'STAFF ALEJANDRO FERNANDEZ', NULL, 0, 'AEROPUERTO SANTIAGO', 24, '', '', '', 2, 20, '154', 200000, 0, 'ALEJANDRO FERNANDEZ', 1),
(717, 2, 13, '2015-02-26', '2015-03-06', '15:20:00', '08:00:00', '16:00:00', 'QUINTA VERGARA', 47, 2, 'ROMERO SANTOS', NULL, 0, 'HOTEL W', 1, '', '', '', 13, 21, '66', 150000, 0, 'ROMEO SANTOS', 1),
(718, 2, 13, '2015-02-26', '2015-03-09', '15:11:00', '09:00:00', '00:00:00', 'HOTEL SHERATON MIRAMAR', 47, 3, 'STAFF ROMEO SANTOS ', NULL, 0, 'DISPOSICION', 47, '', '', '', 16, 9, '155', 150000, 0, 'ROMEO SANTOS', 1),
(719, 2, 13, '2015-02-26', '2015-03-09', '15:15:00', '09:00:00', '00:00:00', 'HOTEL SHERATON MIRAMAR', 47, 10, 'STAFF ROMEO SANTOS ', NULL, 0, 'DISPOSICION', 47, '', '', '', 16, 8, '154', 150000, 0, 'ROMEO SANTOS', 1),
(720, 2, 13, '2015-02-26', '2015-03-09', '15:19:00', '19:00:00', '02:00:00', 'HOTEL SHERATON MIRAMAR', 47, 2, 'ROMERO SANTOS', NULL, 0, 'DISPOSICION', 47, '', '', '', 15, 21, '66', 105000, 0, 'ROMEO SANTOS', 1),
(721, 2, 13, '2015-02-22', '2015-03-11', '10:21:00', '12:00:00', '21:00:00', 'HOTEL SHERATON', 47, 9, 'JESUS EMMANUEL ACHA, OLGA GUERRERO -BADIN -EDGAR R', NULL, 0, 'DISPOSIICON', 7, '', '', 'SERVICIOS SOLICITADO SOLEDAD  BIZARRO  POR   YA QUE PASAJEROS NO TENIA HOTEL EN VIÑA ', 10, 8, '78', 150000, 0, 'EMANUEL ', 1),
(722, 2, 13, '2015-02-23', '2015-03-11', '10:26:00', '11:00:00', NULL, 'HOTEL SHERATON SANTIAGO', 7, 9, 'STAFF EMANNUEL', NULL, 0, 'HOTEL SHERATON MIRAMAR', 47, '', '', '', 4, 8, '78', 0, 1, 'EMANUEL ', 0),
(723, 2, 13, '2015-02-27', '2015-03-11', '15:18:00', '02:00:00', '07:00:00', 'QUINTA VERGARA', 47, 2, 'ROMERO SANTOS', NULL, 0, 'HOTEL W', 1, '', '', '', 5, 21, '66', 200000, 0, 'ROMEO SANTOS', 1),
(724, 2, 13, '2015-02-19', '2015-03-11', '15:31:00', '23:00:00', NULL, 'QUINTA VERGARA', 47, 40, 'DEFENSA CIVIL', NULL, 0, 'CON CON', 47, '', '', '', 9, 16, '123', 0, 0, 'LEO CELIS', 0),
(725, 182, 202001, '2015-12-01', '2015-12-30', '02:41:00', '09:01:00', NULL, 'HOTEL DEL MAR', 47, 2, '3', NULL, 1321231, 'HOTEL DEL MAR', 47, '', '', '', 17, 11, '0', 0, 0, 'ASD', 0);

-- --------------------------------------------------------

--
-- Estructura de tabla para la tabla `vin_sistema`
--

CREATE TABLE IF NOT EXISTS `vin_sistema` (
  `anio` int(11) NOT NULL,
  `foto_portada` varchar(255) DEFAULT NULL,
  `foto_logo` varchar(255) DEFAULT NULL,
  PRIMARY KEY (`anio`)
) ENGINE=MyISAM DEFAULT CHARSET=latin1;

--
-- Volcado de datos para la tabla `vin_sistema`
--

INSERT INTO `vin_sistema` (`anio`, `foto_portada`, `foto_logo`) VALUES
(2015, 'vina_2014.png', 'logo2015.jpg'),
(2016, 'vina_2014.png', 'logo2015.jpg');

-- --------------------------------------------------------

--
-- Estructura de tabla para la tabla `vin_tag`
--

CREATE TABLE IF NOT EXISTS `vin_tag` (
  `id` int(11) NOT NULL AUTO_INCREMENT,
  `name` varchar(128) COLLATE utf8_unicode_ci NOT NULL,
  `frequency` int(11) DEFAULT '1',
  PRIMARY KEY (`id`)
) ENGINE=InnoDB  DEFAULT CHARSET=utf8 COLLATE=utf8_unicode_ci AUTO_INCREMENT=3 ;

--
-- Volcado de datos para la tabla `vin_tag`
--

INSERT INTO `vin_tag` (`id`, `name`, `frequency`) VALUES
(1, 'yii', 1),
(2, 'blog', 1);

-- --------------------------------------------------------

--
-- Estructura de tabla para la tabla `vin_tarifa`
--

CREATE TABLE IF NOT EXISTS `vin_tarifa` (
  `id_tarifa` int(11) NOT NULL AUTO_INCREMENT,
  `tipovehiculo` int(11) NOT NULL,
  `valor_hora` int(11) DEFAULT '0',
  `tipo_servicio` int(11) DEFAULT '0',
  `valor_servicio` int(11) DEFAULT '0',
  PRIMARY KEY (`id_tarifa`)
) ENGINE=InnoDB  DEFAULT CHARSET=latin1 AUTO_INCREMENT=200009 ;

--
-- Volcado de datos para la tabla `vin_tarifa`
--

INSERT INTO `vin_tarifa` (`id_tarifa`, `tipovehiculo`, `valor_hora`, `tipo_servicio`, `valor_servicio`) VALUES
(1, 11, 0, 4, 200000),
(2, 11, 15000, 12, 150000),
(3, 11, 15000, 13, 150000),
(4, 9, 6000, 10, 60000),
(6, 15, 20000, 10, 200000),
(7, 16, 30000, 10, 300000),
(8, 9, 0, 4, 110000),
(9, 8, 0, 4, 125000),
(10, 15, 0, 4, 250000),
(11, 16, 0, 4, 350000),
(12, 9, 0, 5, 110000),
(13, 8, 0, 5, 125000),
(14, 15, 0, 5, 250000),
(15, 16, 0, 5, 320000),
(18, 9, 0, 7, 125000),
(19, 8, 0, 7, 140000),
(20, 15, 0, 7, 285000),
(21, 16, 0, 7, 350000),
(22, 16, 0, 22, 350000),
(23, 9, 0, 11, 145000),
(24, 9, 0, 3, 110000),
(25, 8, 0, 11, 165000),
(26, 15, 0, 11, 310000),
(27, 16, 0, 11, 390000),
(28, 16, 0, 3, 320000),
(29, 13, 0, 3, 340000),
(30, 14, 0, 3, 400000),
(31, 17, 0, 3, 120000),
(32, 17, 0, 2, 120000),
(33, 6, 0, 2, 250000),
(34, 13, 0, 2, 340000),
(35, 14, 0, 2, 400000),
(36, 17, 0, 4, 120000),
(37, 6, 0, 5, 235000),
(38, 13, 0, 4, 325000),
(39, 14, 0, 4, 380000),
(41, 13, 0, 5, 325000),
(42, 14, 0, 5, 380000),
(44, 6, 0, 3, 250000),
(45, 6, 0, 4, 235000),
(46, 9, 0, 2, 110000),
(47, 8, 0, 3, 125000),
(48, 8, 0, 2, 125000),
(49, 9, 10000, 16, 100000),
(50, 8, 15000, 10, 150000),
(51, 9, 0, 22, 125000),
(52, 8, 0, 22, 140000),
(53, 15, 0, 22, 285000),
(54, 12, 0, 4, 125000),
(55, 12, 0, 5, 125000),
(56, 12, 0, 7, 140000),
(57, 12, 0, 11, 165000),
(58, 12, 0, 3, 125000),
(59, 12, 0, 2, 125000),
(60, 12, 15000, 10, 150000),
(61, 12, 0, 22, 140000),
(62, 15, 0, 3, 250000),
(63, 15, 0, 2, 250000),
(64, 3, 0, 3, 200000),
(65, 3, 15000, 8, 150000),
(66, 22, 0, 3, 400000),
(67, 22, 0, 5, 400000),
(68, 21, 0, 3, 200000),
(69, 21, 0, 20, 200000),
(70, 21, 0, 2, 200000),
(71, 21, 0, 11, 200000),
(72, 3, 0, 14, 15000),
(73, 21, 0, 14, 15000),
(74, 20, 0, 14, 15000),
(75, 11, 0, 14, 15000),
(76, 3, 0, 15, 15000),
(77, 21, 0, 15, 15000),
(78, 20, 0, 15, 15000),
(79, 11, 0, 15, 15000),
(80, 8, 0, 14, 15000),
(81, 15, 0, 14, 15000),
(82, 16, 0, 14, 15000),
(83, 8, 0, 15, 15000),
(84, 15, 0, 15, 15000),
(85, 16, 0, 15, 15000),
(90, 16, 0, 2, 320000),
(91, 16, 30000, 16, 300000),
(92, 16, 30000, 20, 300000),
(93, 6, 0, 16, 235000),
(94, 6, 0, 12, 235000),
(95, 6, 0, 20, 250000),
(97, 8, 15000, 20, 150000),
(98, 9, 0, 13, 60000),
(101, 9, 0, 20, 60000),
(102, 9, 0, 21, 60000),
(105, 12, 0, 20, 60000),
(106, 12, 0, 21, 60000),
(107, 20, 0, 2, 200000),
(108, 20, 0, 20, 150000),
(109, 20, 0, 3, 200000),
(110, 20, 0, 13, 150000),
(200001, 21, 0, 4, 200000),
(200002, 21, 15000, 12, 150000),
(200003, 21, 15000, 13, 150000),
(200004, 20, 15000, 12, 150000),
(200005, 8, 15000, 16, 150000),
(200006, 8, 15000, 21, 150000),
(200007, 20, 0, 4, 200000),
(200008, 20, 0, 5, 200000);

-- --------------------------------------------------------

--
-- Estructura de tabla para la tabla `vin_templatemail`
--

CREATE TABLE IF NOT EXISTS `vin_templatemail` (
  `id_template` int(11) NOT NULL AUTO_INCREMENT,
  `accion` varchar(255) NOT NULL,
  `asunto` varchar(255) NOT NULL,
  `cuerpo` text NOT NULL,
  PRIMARY KEY (`id_template`)
) ENGINE=MyISAM  DEFAULT CHARSET=latin1 AUTO_INCREMENT=2 ;

--
-- Volcado de datos para la tabla `vin_templatemail`
--

INSERT INTO `vin_templatemail` (`id_template`, `accion`, `asunto`, `cuerpo`) VALUES
(1, 'servicio-crear', 'Festival de Viña del Mar {anio}- Asignacion de Servicio #{id_servicio} [{fecha}]''', '<!DOCTYPE html>\r\n<html>\r\n<head>\r\n</head>\r\n<body>\r\n<div style="background: #d6ebf3;">\r\n<table style="color: #222222; font-family: arial, sans-serif; font-size: 12.8000001907349px;" border="0" width="650" cellspacing="0" cellpadding="0" align="center" bgcolor="#D6EBF3">\r\n<tbody>\r\n<tr><th colspan="2" scope="col" bgcolor="#1D4763">\r\n<table border="0" width="650" cellspacing="0" cellpadding="0">\r\n<tbody>\r\n<tr>\r\n<td style="font-family: Arial, sans-serif; margin: 0px; padding-left: 0px; color: #777777; line-height: 11px; padding-bottom: 10px;" colspan="4" align="center" bgcolor="#D6EBF3">&nbsp;</td>\r\n</tr>\r\n<tr>\r\n<td style="font-family: arial, sans-serif; margin: 0px; padding-left: 10px;" width="40"><img style="float: left;" src="www.city-ex.cl/data/logotemp.png" alt="" width="116" height="70" /></td>\r\n<td style="font-family: arial, sans-serif; margin: 0px;" width="339">&nbsp;</td>\r\n<td style="font-family: arial, sans-serif; margin: 0px; color: white;" align="center" width="130">&nbsp;{fecha_de_hoy}</td>\r\n</tr>\r\n</tbody>\r\n</table>\r\n</th></tr>\r\n<tr>\r\n<td style="font-family: arial, sans-serif; margin: 0px;" colspan="2" align="center" bgcolor="#FFFFFF">\r\n<div style="font-family: ''Trebuchet MS'', Arial, Helvetica, sans-serif; color: #48a9c5; font-size: 26px; text-align: center;"><span style="font-size: 24px;"><strong style="color: #1d4763; font-size: 28px;">Nuevo Servicio creado</strong></span><!--div style="font-family: ''Trebuchet MS'', Arial, Helvetica, sans-serif; color: #48a9c5; font-size: 18px; text-align: center;">Codigo de seguridad:#AABBCCDD</div-->\r\n<div style="font-family: ''Trebuchet MS'', Arial, Helvetica, sans-serif; color: #48a9c5; font-size: 18px; text-align: center;">&nbsp;</div>\r\n</div>\r\n</td>\r\n</tr>\r\n<tr>\r\n<td style="font-family: Arial, sans-serif; margin: 0px; font-size: 12px; color: #777777; line-height: 18px; padding-left: 20px; padding-right: 10px; padding-top: 10px;" rowspan="2" valign="top" bgcolor="#FFFFFF" width="325">\r\n<p>Estimado {Nombre_Solicitante}:</p>\r\n<p>Usted ha solicitado un nuevo servicio con los siguientes datos:</p>\r\n<p><strong><span style="font-size: 14px;">Datos del servicio:</span></strong></p>\r\n<table style="line-height: 21.6000003814697px;" border="0" cellspacing="0" cellpadding="0">\r\n<tbody>\r\n<tr>\r\n<td style="font-family: Arial, Helvetica, sans-serif; margin: 0px; line-height: 18px; color: #394852; font-size: 12px; padding-left: 10px;">\r\n<table style="height: 103px;" border="0" width="289" cellspacing="0" cellpadding="0">\r\n<tbody>\r\n<tr>\r\n<td style="font-family: arial, sans-serif; margin: 0px;" valign="top" width="4"><span style="color: #0071a0; font-size: 14px;">&bull;</span></td>\r\n<td style="font-family: arial, sans-serif; margin: 0px;" width="7">&nbsp;</td>\r\n<td style="font-family: Arial, Helvetica, sans-serif; margin: 0px; color: #777777; font-size: 12px; padding-bottom: 5px;"><span style="font-size: 14px;">{Id_Servicio}</span></td>\r\n</tr>\r\n<tr>\r\n<td style="font-family: arial, sans-serif; margin: 0px;" valign="top"><span style="color: #0071a0; font-size: 14px;">&bull;</span></td>\r\n<td style="font-family: arial, sans-serif; margin: 0px;" width="7">&nbsp;</td>\r\n<td style="font-family: Arial, Helvetica, sans-serif; margin: 0px; color: #777777; font-size: 12px; padding-bottom: 5px;"><span style="font-size: 14px;">{Centrocosto}</span></td>\r\n</tr>\r\n<tr>\r\n<td style="font-family: arial, sans-serif; margin: 0px;" valign="top"><span style="color: #0071a0; font-size: 14px;">&bull;</span></td>\r\n<td style="font-family: arial, sans-serif; margin: 0px;" width="7">&nbsp;</td>\r\n<td style="font-family: Arial, Helvetica, sans-serif; margin: 0px; color: #777777; font-size: 12px; padding-bottom: 5px;"><span style="font-size: 14px;">{Tipo_servicio}</span></td>\r\n</tr>\r\n<tr>\r\n<td style="font-family: arial, sans-serif; margin: 0px;" valign="top"><span style="color: #0071a0; font-size: 14px;">&bull;</span></td>\r\n<td style="font-family: arial, sans-serif; margin: 0px;" width="7">&nbsp;</td>\r\n<td style="font-family: Arial, Helvetica, sans-serif; margin: 0px; color: #777777; font-size: 12px; padding-bottom: 5px;"><span style="font-size: 14px;">{fecha}</span></td>\r\n</tr>\r\n<tr>\r\n<td style="font-family: arial, sans-serif; margin: 0px;" valign="top"><span style="color: #0071a0; font-size: 14px;">&bull;</span></td>\r\n<td style="font-family: arial, sans-serif; margin: 0px;" width="7">&nbsp;</td>\r\n<td style="font-family: Arial, Helvetica, sans-serif; margin: 0px; color: #777777; font-size: 12px; padding-bottom: 5px;"><span style="font-size: 14px;">{hora_de_inicio}</span></td>\r\n</tr>\r\n<tr>\r\n<td style="font-family: arial, sans-serif; margin: 0px;" valign="top"><span style="color: #0071a0; font-size: 14px;">&bull;</span></td>\r\n<td style="font-family: arial, sans-serif; margin: 0px;" width="7">&nbsp;</td>\r\n<td style="font-family: Arial, Helvetica, sans-serif; margin: 0px; color: #777777; font-size: 12px; padding-bottom: 5px;"><span style="font-size: 14px;">{lugar_presentacion}</span></td>\r\n</tr>\r\n<tr>\r\n<td style="font-family: arial, sans-serif; margin: 0px;" valign="top"><span style="color: #0071a0; font-size: 14px;">&bull;</span></td>\r\n<td style="font-family: arial, sans-serif; margin: 0px;" width="7">&nbsp;</td>\r\n<td style="font-family: Arial, Helvetica, sans-serif; margin: 0px; color: #777777; font-size: 12px; padding-bottom: 5px;"><span style="font-size: 14px;">{lugar_destino}</span></td>\r\n</tr>\r\n<tr>\r\n<td style="font-family: arial, sans-serif; margin: 0px;" valign="top"><span style="color: #0071a0; font-size: 14px;">&bull;</span></td>\r\n<td style="font-family: arial, sans-serif; margin: 0px;" width="7">&nbsp;</td>\r\n<td style="font-family: Arial, Helvetica, sans-serif; margin: 0px; color: #777777; font-size: 12px; padding-bottom: 5px;"><span style="font-size: 14px;">{nro_pasajeros}</span></td>\r\n</tr>\r\n<tr>\r\n<td style="font-family: arial, sans-serif; margin: 0px;" valign="top"><span style="color: #0071a0; font-size: 14px;">&bull;</span></td>\r\n<td style="font-family: arial, sans-serif; margin: 0px;" width="7">&nbsp;</td>\r\n<td style="font-family: Arial, Helvetica, sans-serif; margin: 0px; color: #777777; font-size: 12px; padding-bottom: 5px;"><span style="font-size: 14px;">{pasajeros}</span></td>\r\n</tr>\r\n<tr>\r\n<td style="font-family: arial, sans-serif; margin: 0px;" valign="top"><span style="color: #0071a0; font-size: 14px;">&bull;</span></td>\r\n<td style="font-family: arial, sans-serif; margin: 0px;" width="7">&nbsp;</td>\r\n<td style="font-family: Arial, Helvetica, sans-serif; margin: 0px; color: #777777; font-size: 12px; padding-bottom: 5px;"><span style="font-size: 14px;">{artista}</span></td>\r\n</tr>\r\n<tr>\r\n<td style="font-family: arial, sans-serif; margin: 0px;" valign="top"><span style="color: #0071a0; font-size: 14px;">&bull;</span></td>\r\n<td style="font-family: arial, sans-serif; margin: 0px;" width="7">&nbsp;</td>\r\n<td style="font-family: Arial, Helvetica, sans-serif; margin: 0px; color: #777777; font-size: 12px; padding-bottom: 5px;"><span style="font-size: 14px;">{telefono_celular}</span></td>\r\n</tr>\r\n<tr>\r\n<td style="font-family: arial, sans-serif; margin: 0px;" valign="top">&nbsp;</td>\r\n<td style="font-family: arial, sans-serif; margin: 0px;" width="7">&nbsp;</td>\r\n<td style="font-family: Arial, Helvetica, sans-serif; margin: 0px; color: #777777; font-size: 12px; padding-bottom: 5px;">&nbsp;</td>\r\n</tr>\r\n</tbody>\r\n</table>\r\n</td>\r\n</tr>\r\n</tbody>\r\n</table>\r\n<p>&nbsp;</p>\r\n</td>\r\n<td style="font-family: arial, sans-serif; margin: 0px; padding-top: 10px;" align="center" valign="middle" bgcolor="#FFFFFF" width="325"><span style="color: #777777; font-family: Arial, sans-serif; font-size: 12px; line-height: 18px; text-align: start;"><img src="www.city-ex.cl/vina2015/data/logo2015.jpg" alt="vinalogo2015" width="164" height="157" /></span></td>\r\n</tr>\r\n<tr>\r\n<td style="font-family: arial, sans-serif; margin: 0px; padding-top: 10px; padding-bottom: 10px;" align="center" valign="top" bgcolor="#FFFFFF">&nbsp;{qr_code}</td>\r\n</tr>\r\n<tr>\r\n<td style="font-family: Arial, sans-serif; margin: 0px; font-size: 12px; color: #777777; line-height: 18px; padding-left: 20px; padding-right: 10px; padding-top: 10px;" colspan="2" bgcolor="#FFFFFF">&nbsp;</td>\r\n</tr>\r\n<tr>\r\n<td style="font-family: Arial, sans-serif; margin: 0px; font-size: 12px; color: #777777; line-height: 18px; padding: 10px; text-align: center;" colspan="2" bgcolor="#FFFFFF">&nbsp;Mensaje Automatico Transportes City Express Multiservicios Limitada</td>\r\n</tr>\r\n<tr bgcolor="#FFFFFF">\r\n<td style="font-family: arial, sans-serif; margin: 0px;" colspan="2">\r\n<table border="0" width="650" cellspacing="0" cellpadding="0">\r\n<tbody>\r\n<tr>\r\n<td style="font-family: arial, sans-serif; margin: 0px;">&nbsp;</td>\r\n<td style="font-family: arial, sans-serif; margin: 0px; color: #ffffff; font-size: 14px; padding: 0px;" rowspan="2" align="center" bgcolor="#F99F22" width="152" height="35">\r\n<p><strong style="font-family: ''Trebuchet MS'', Arial, Helvetica, sans-serif;"><a style="color: #ffffff; text-decoration: none;" href="www.city-ex.cl/vina2015/servicio/adminuser2" target="_blank">Para ver sus servicios haga click aqui</a></strong>&nbsp;</p>\r\n</td>\r\n<td style="font-family: arial, sans-serif; margin: 0px;">&nbsp;</td>\r\n</tr>\r\n<tr>\r\n<td style="font-family: arial, sans-serif; margin: 0px;" bgcolor="#1D4763">&nbsp;</td>\r\n<td style="font-family: arial, sans-serif; margin: 0px;" bgcolor="#1D4763">&nbsp;</td>\r\n</tr>\r\n</tbody>\r\n</table>\r\n</td>\r\n</tr>\r\n<tr>\r\n<td style="font-family: arial, sans-serif; margin: 0px;" colspan="2" bgcolor="#1D4763">&nbsp;</td>\r\n</tr>\r\n<tr>\r\n<td style="font-family: arial, sans-serif; margin: 0px;" colspan="2" bgcolor="#1D4763">\r\n<table border="0" cellspacing="0" cellpadding="0" align="center">\r\n<tbody>\r\n<tr>\r\n<td style="font-family: arial, sans-serif; margin: 0px; padding: 5px;"><a style="color: #1155cc;" target="_blank"><img class="CToWUd" src="www.city-ex.cl/vina2015/data/social/twitter.png" alt="" width="39" height="39" border="0" /></a></td>\r\n<td style="font-family: arial, sans-serif; margin: 0px; padding: 5px;"><a style="color: #1155cc;" target="_blank"><img class="CToWUd" src="www.city-ex.cl/vina2015/data/social/facebook.png" alt="facebook" width="39" height="39" border="0" /></a></td>\r\n<td style="font-family: arial, sans-serif; margin: 0px; padding: 5px;"><a style="color: #1155cc;" target="_blank"><img class="CToWUd" src="www.city-ex.cl/vina2015/data/social/linkedin.png" alt="" width="39" height="39" border="0" /></a></td>\r\n<td style="font-family: arial, sans-serif; margin: 0px; padding: 5px;"><a style="color: #1155cc;" target="_blank"><img class="CToWUd" src="www.city-ex.cl/vina2015/data/social/youtube.png" alt="" width="39" height="39" border="0" /></a></td>\r\n<td style="font-family: arial, sans-serif; margin: 0px; padding: 5px;"><a style="color: #1155cc;" target="_blank"><img class="CToWUd" src="www.city-ex.cl/vina2015/data/social/google.png" alt="" width="39" height="39" border="0" /></a></td>\r\n<td style="font-family: arial, sans-serif; margin: 0px; padding: 5px;">&nbsp;</td>\r\n</tr>\r\n</tbody>\r\n</table>\r\n</td>\r\n</tr>\r\n<tr>\r\n<td style="font-family: arial, sans-serif; margin: 0px;" colspan="2" bgcolor="#1D4763">&nbsp;</td>\r\n</tr>\r\n<tr>\r\n<td style="font-family: Arial, sans-serif; margin: 0px; color: #397ca8; line-height: 11px; padding: 0px;" colspan="2" align="center" bgcolor="#1D4763"><!--a style="color: #397ca8; text-decoration: none;" href="http://info.zend.com/s0bm0A30sXrn0L0D7X00j0C" target="_blank">Manage your subscriptions</a>&nbsp;|&nbsp;<a style="color: #397ca8; text-decoration: none;" href="http://info.zend.com/CXX00o0cA0mL0rjs0D03C07" target="_blank">Privacy Policy</a--></td>\r\n</tr>\r\n<tr>\r\n<td style="font-family: Arial, sans-serif; margin: 0px; color: #397ca8; line-height: 11px; padding: 0px;" colspan="2" align="center" bgcolor="#1D4763">&nbsp;</td>\r\n</tr>\r\n<tr>\r\n<td style="font-family: Arial, sans-serif; margin: 0px; color: #a4b0b7; line-height: 11px; padding: 10px;" colspan="2" align="center" bgcolor="#1D4763">CITY EXPRESS&nbsp;| Avenida Curico 356,&nbsp;Santiago<br /><br /></td>\r\n</tr>\r\n</tbody>\r\n</table>\r\n</div>\r\n</body>\r\n</html>');

-- --------------------------------------------------------

--
-- Estructura de tabla para la tabla `vin_tiposervicio`
--

CREATE TABLE IF NOT EXISTS `vin_tiposervicio` (
  `id_tiposervicio` int(11) NOT NULL AUTO_INCREMENT,
  `nombre` varchar(255) NOT NULL,
  PRIMARY KEY (`id_tiposervicio`),
  UNIQUE KEY `nombre` (`nombre`)
) ENGINE=InnoDB  DEFAULT CHARSET=latin1 AUTO_INCREMENT=23 ;

--
-- Volcado de datos para la tabla `vin_tiposervicio`
--

INSERT INTO `vin_tiposervicio` (`id_tiposervicio`, `nombre`) VALUES
(0, '---'),
(3, 'AEROPUERTO - VIÑA DEL MAR'),
(10, 'DISPOSICION SANTIAGO 10 HORAS'),
(12, 'DISPOSICION SANTIAGO 8 HORAS'),
(1, 'DISPOSICION VIÑA (10 HORAS)'),
(16, 'DISPOSICION VIÑA DEL MAR 10 HORAS'),
(13, 'DISPOSISICON VIÑA DEL MAR 8 HORAS '),
(14, 'HORA EXTRA DISPOSICON SANTIAGO'),
(15, 'HORA EXTRAS DISPOSICION VIÑA DEL MAR'),
(8, 'HOTEL - QUINTA VERGARA'),
(9, 'QUINTA VERGARA - HOTEL'),
(4, 'SANTIAGO - VIÑA DEL MAR'),
(6, 'SANTIAGO - VIÑA DEL MAR - SANTIAGO'),
(11, 'SANTIAGO - VIÑA DEL MAR - SANTIAGO CON 6 HORAS ESPERA '),
(22, 'SANTIAGO - VIÑA DEL MAR - SANTIAGO CON ESPERA 3 HORAS'),
(18, 'TRASLADO ALGARROBO'),
(19, 'TRASLADO CHACAGUA'),
(17, 'TRASLADO DE  HOTEL A HOTEL '),
(21, 'TRASLADO HOTEL STGO- AEROPUERTO'),
(20, 'TRF AEROPUERTO - HOTEL SANTIAGO'),
(2, 'VIÑA DEL MAR - AEROPUERTO'),
(5, 'VIÑA DEL MAR - SANTIAGO'),
(7, 'VIÑA DEL MAR - SANTIAGO - VIÑA DEL MAR CON ESPERA 3 HORAS');

-- --------------------------------------------------------

--
-- Estructura de tabla para la tabla `vin_tipovehiculo`
--

CREATE TABLE IF NOT EXISTS `vin_tipovehiculo` (
  `id_tipovehiculo` int(11) NOT NULL AUTO_INCREMENT,
  `nombre` varchar(255) NOT NULL,
  PRIMARY KEY (`id_tipovehiculo`),
  UNIQUE KEY `nombre` (`nombre`)
) ENGINE=InnoDB  DEFAULT CHARSET=latin1 AUTO_INCREMENT=23 ;

--
-- Volcado de datos para la tabla `vin_tipovehiculo`
--

INSERT INTO `vin_tipovehiculo` (`id_tipovehiculo`, `nombre`) VALUES
(3, 'AUTO LUJO'),
(16, 'BUS (40 PERSONAS)'),
(6, 'CAMION 3 TON'),
(13, 'CAMION 5 TON'),
(14, 'CAMION 8 TON'),
(22, 'CAMION RAMPLA'),
(17, 'CAMIONETA DOBLE CABINA'),
(15, 'MINIBUS (25 PERSONAS)'),
(8, 'SPRINTER'),
(21, 'SUB URBAN'),
(18, 'TRASLADO INTERNO'),
(19, 'TRAVERSE'),
(9, 'VAN'),
(12, 'VAN DE CARGA'),
(11, 'VEHICULO VIP'),
(20, 'VIANO');

-- --------------------------------------------------------

--
-- Estructura de tabla para la tabla `vin_user`
--

CREATE TABLE IF NOT EXISTS `vin_user` (
  `id` int(11) NOT NULL AUTO_INCREMENT,
  `username` varchar(128) COLLATE utf8_unicode_ci NOT NULL,
  `password` varchar(128) COLLATE utf8_unicode_ci NOT NULL,
  `email` varchar(128) COLLATE utf8_unicode_ci DEFAULT NULL,
  `foto` text COLLATE utf8_unicode_ci,
  `telefono` int(11) DEFAULT NULL,
  `centrocosto` int(11) NOT NULL,
  `accessLevel` int(11) NOT NULL DEFAULT '5',
  PRIMARY KEY (`id`)
) ENGINE=InnoDB  DEFAULT CHARSET=utf8 COLLATE=utf8_unicode_ci AUTO_INCREMENT=183 ;

--
-- Volcado de datos para la tabla `vin_user`
--

INSERT INTO `vin_user` (`id`, `username`, `password`, `email`, `foto`, `telefono`, `centrocosto`, `accessLevel`) VALUES
(0, 'ALBERTO MESINA', '$1$kCsLwwdM$e86NnySwf7bHY9VDJrL7T0', 'trafico@city-ex.cl', NULL, NULL, 0, 99),
(1, 'FELIPE', '$1$H8tNaAyM$JMFQGDYMtc/2Mc0rqZusc1', 'fsalazar.sch@gmail.com', NULL, NULL, 0, 99),
(2, 'WERNER', '$1$LrOTCqUD$mOGfSdWW5936ZL.Cqnie00', 'werner@city-ex.cl', NULL, 94388025, 0, 99),
(179, 'JORGE VENEGAS', '$1$YREEkTmV$brrDp16WbN/8XNGQE/uHE.', 'jorge.venegas@chilevision.cl', NULL, 77493255, 0, 5),
(180, 'JONATHAN NUñEZ', '$1$5uIz0/9Y$DT8UKn/N8NEAUjbwX2R4m1', 'jonathan.nunez@chilevision.cl', NULL, 76170130, 0, 10),
(181, 'ITALO CORREA', '$1$b9foNHDZ$vSQHcOJjHuzlLiASUGpKg1', 'italo.correa@chilevision.cl', NULL, 66474226, 0, 10),
(182, 'TEST', '$1$0fnclWz3$NxL3cDhuCBqLW.JFU.Iwf0', 'asd@asd.com', NULL, 123456, 0, 10);

/*!40101 SET CHARACTER_SET_CLIENT=@OLD_CHARACTER_SET_CLIENT */;
/*!40101 SET CHARACTER_SET_RESULTS=@OLD_CHARACTER_SET_RESULTS */;
/*!40101 SET COLLATION_CONNECTION=@OLD_COLLATION_CONNECTION */;
